"","R","m","cov","seasonality","focal_months","nparams","ndatapts","n_p_ratio","NLL","AIC","min_R2","meidian_R2","max_R2","counts_func","counts_gradient","convergence","message","load_names1","load_names2","load_names3","load_names4","load_cors1","load_cors2","load_cors3","load_cors4","eff_names1","eff_names2","eff_cors1","eff_cors2"
"1","DE",1,"pc","fixed_factors","May Jun Jul Aug",1057,9282,8.78145695364238,12571.7017008289,27257.4034016578,0.817663274752827,0.957782275360127,0.980251837860935,20,2,0,"0 ","WtDepWs,PctAlluvCoastWs,RunoffWs,RckDepWs,PctIce2011Ws,BFIWs",NA,NA,NA,"-0.648779065285096,0.574566863631932,0.564180028373795,0.451520367152962,-0.440302331433958,-0.346823568877021",NA,NA,NA,"RunoffWs,PctGlacLakeFineWs,OmWs,BFIWs,PctAlluvCoastWs,PctIce2011Ws",NA,"-0.371846297305161,-0.266208559879215,0.259650866187558,0.161466513915917,-0.158497414722617,0.155087241955342",NA
"2","DE",1,"at","fixed_factors","May Jun Jul Aug",1057,9282,8.78145695364238,12414.2845951825,26942.569190365,0.823226194781906,0.959664454032826,0.981232543633785,20,2,0,"0 ","WtDepWs,RunoffWs,PctAlluvCoastWs,RckDepWs,PctIce2011Ws,BFIWs",NA,NA,NA,"-0.652402430185269,0.576022291918117,0.570970048426771,0.431028298566892,-0.414455986580612,-0.328819818050849",NA,NA,NA,"RunoffWs,PctIce2011Ws,BFIWs,WtDepWs,PctGlacLakeFineWs,PctAlluvCoastWs",NA,"0.541180579478241,-0.427378575187161,-0.405956381905395,-0.327125035633499,0.323863515922033,0.286011787296098",NA
"3","DE",1,"atpc","fixed_factors","May Jun Jul Aug",1681,9282,5.52171326591315,11961.1999258053,27284.3998516105,0.836668818070147,0.962074251265396,0.983972185749615,8,1,0,"0 ","WtDepWs,RunoffWs,PctAlluvCoastWs,RckDepWs,PctIce2011Ws,BFIWs",NA,NA,NA,"-0.665285871899783,0.575779137747659,0.568246258687759,0.444343308115036,-0.422194456541415,-0.336557462436126",NA,NA,NA,"RunoffWs,PctGlacLakeFineWs,PctIce2011Ws,BFIWs,RckDepWs,ElevWs","PctAlluvCoastWs,WtDepWs,PctUrbHi2011WsRp100,PctUrbMd2011WsRp100,PctImp2006WsRp100,PopDen2010Ws","0.458890722582748,0.426643584995259,-0.413397899289071,-0.318916181544864,0.214521723180681,-0.199879435297649","-0.429639729231866,0.420187552542282,-0.388018959229381,-0.344361770642858,-0.335151886789251,-0.332611579146358"
"4","DE",1,"atpcsn","fixed_factors","May Jun Jul Aug",2305,9282,4.02689804772234,11490.1474550033,27590.2949100066,0.848613060937602,0.965526957108447,0.985162047699313,4248,1470,0,"0 ","WtDepWs,PctAlluvCoastWs,RunoffWs,RckDepWs,PctIce2011Ws,ElevWs",NA,NA,NA,"-0.723258290109545,0.596611870077526,0.499196655669036,0.497786902292292,-0.485264589921743,-0.328496388198139",NA,NA,NA,"BFIWs,PctIce2011Ws,RunoffWs,ElevWs,WtDepWs,PctGlacLakeFineWs","RunoffWs,WtDepWs,PctAlluvCoastWs,RckDepWs,PctGlacLakeFineWs,BFIWs","-0.52503288158895,-0.487224265410887,0.395409385963632,-0.300436081662294,-0.24712618547479,0.243800678691507","-0.377058505954296,0.305936769668978,-0.298892978922756,-0.216262879408781,-0.201044259443849,0.197974756711755"
"5","DE",1,"pc","fourier","May Jun Jul Aug",817,9282,11.3610771113831,12951.8230959642,27537.6461919284,0.809745730440503,0.951545603366968,0.979841620799313,59,7,0,"0 ","RunoffWs,PctAlluvCoastWs,WtDepWs,PctIce2011Ws,RckDepWs,BFIWs",NA,NA,NA,"0.579282901889782,0.521112867623262,-0.511223874731492,-0.402265340445959,0.373776210480534,-0.341292463355972",NA,NA,NA,"RunoffWs,PctIce2011Ws,PctAlluvCoastWs,ElevWs,WtDepWs,PermWs",NA,"-0.494892748500105,0.453932425290469,-0.380267215190038,0.343581304478929,0.334695458616134,-0.277003359357079",NA
"6","DE",1,"at","fourier","May Jun Jul Aug",817,9282,11.3610771113831,12693.8457216349,27021.6914432698,0.815240194154713,0.956716449839181,0.980003806630285,39,6,0,"0 ","WtDepWs,RunoffWs,PctAlluvCoastWs,RckDepWs,PctIce2011Ws,BFIWs",NA,NA,NA,"-0.617656950164785,0.583862792457153,0.563500977015074,0.408192290442975,-0.394623095510063,-0.319785023719998",NA,NA,NA,"PctIce2011Ws,RunoffWs,PctAlluvCoastWs,ElevWs,WtDepWs,BFIWs",NA,"-0.484626352207996,0.483433571008011,0.445550475173517,-0.441751585366407,-0.391557262034388,-0.376211519880101",NA
"7","DE",1,"atpc","fourier","May Jun Jul Aug",1441,9282,6.44136016655101,12241.7555152104,27365.5110304208,0.827104752218001,0.959065984366774,0.982923880496353,8,1,0,"0 ","WtDepWs,RunoffWs,PctAlluvCoastWs,RckDepWs,PctIce2011Ws,BFIWs",NA,NA,NA,"-0.625985593154598,0.580406154050392,0.560530337582964,0.417277991546862,-0.40100185778308,-0.324213265144759",NA,NA,NA,"PctIce2011Ws,RunoffWs,PctGlacLakeFineWs,ElevWs,BFIWs,WsAreaSqKm","PctAlluvCoastWs,PctUrbHi2011WsRp100,WtDepWs,PctUrbMd2011WsRp100,PctImp2006WsRp100,PctUrbLo2011WsRp100","-0.527289303912667,0.470917339256334,0.424422336891325,-0.398628059956095,-0.370913974884251,-0.313518059375708","-0.514769237203329,-0.441335741223381,0.425978874524478,-0.41489382418386,-0.399569664339828,-0.382846172199351"
"8","DE",1,"atpcsn","fourier","May Jun Jul Aug",2065,9282,4.49491525423729,11706.1181612885,27542.2363225771,0.842070148480893,0.963298289393933,0.984726824741268,3910,1400,0,"0 ","WtDepWs,PctAlluvCoastWs,RunoffWs,RckDepWs,PctIce2011Ws,ElevWs",NA,NA,NA,"-0.704541913039573,0.597429836942696,0.514841129996434,0.473595188347957,-0.463234245609126,-0.312142392097983",NA,NA,NA,"BFIWs,PctIce2011Ws,RunoffWs,ElevWs,WtDepWs,OmWs","RunoffWs,WtDepWs,BFIWs,PctGlacLakeFineWs,OmWs,PctAlluvCoastWs","-0.578561012465391,-0.534503314611413,0.417002614581732,-0.413062691216707,-0.335443805509848,0.253077108558944","-0.372651530237091,0.265783961471035,0.258157888610632,-0.231254773740501,0.218835624734057,-0.215260014220344"
"9","DE",2,"pc","fixed_factors","May Jun Jul Aug",1080,9282,8.59444444444444,12220.4440391057,26600.8880782114,0.892937797212166,0.958024226383676,0.982007269245718,22,2,0,"0 ","WtDepWs,PctAlluvCoastWs,RckDepWs,PctIce2011Ws,RunoffWs,ElevWs","WtDepWs,PctIce2011Ws,RckDepWs,RdDensWsRp100,PctAlluvCoastWs,PctUrbLo2011WsRp100",NA,NA,"-0.729469283378995,0.574028832778131,0.525414786045111,-0.516175927296726,0.510638678094691,-0.279556407010032","0.559041874647355,0.430647580059406,-0.382247374974246,-0.226389343830435,-0.213727963756142,-0.209675384984872",NA,NA,"RunoffWs,OmWs,PctGlacLakeFineWs,BFIWs,PctAlluvCoastWs,WsAreaSqKm",NA,"-0.364972040764369,0.281992926817872,-0.257808197378141,0.167658270822109,-0.133145918152961,-0.130486075756339",NA
"10","DE",2,"at","fixed_factors","May Jun Jul Aug",1080,9282,8.59444444444444,12090.2685480496,26340.5370960992,0.891443198497333,0.959849472466063,0.982204165057599,21,2,0,"0 ","WtDepWs,PctAlluvCoastWs,RunoffWs,RckDepWs,PctIce2011Ws,BFIWs","WtDepWs,PctIce2011Ws,RckDepWs,PctAlluvCoastWs,PctUrbLo2011WsRp100,RdDensWsRp100",NA,NA,"-0.726204842747248,0.57240302760964,0.519958973604341,0.515724665076072,-0.502235635575428,-0.280116959068145","0.69080238287594,0.558417406070326,-0.494557089957537,-0.348093411706251,-0.342611514966934,-0.328675579575567",NA,NA,"RunoffWs,PctIce2011Ws,WtDepWs,BFIWs,PctAlluvCoastWs,RckDepWs",NA,"0.548738516062252,-0.521309428433397,-0.482150782204173,-0.383150486295438,0.374606798749734,0.321494082371744",NA
"11","DE",2,"atpc","fixed_factors","May Jun Jul Aug",1704,9282,5.44718309859155,11627.5387089215,26663.077417843,0.908444926549429,0.962229660910414,0.984142185061092,1046,218,0,"0 ","WtDepWs,PctAlluvCoastWs,RckDepWs,PctIce2011Ws,RunoffWs,BFIWs","WtDepWs,PctIce2011Ws,RckDepWs,PctAlluvCoastWs,RdDensWsRp100,PctUrbLo2011WsRp100",NA,NA,"-0.725043537409079,0.565106323344941,0.529503970847319,-0.513962868761596,0.513083359343628,-0.268591624184298","0.643371686284101,0.587594999935172,-0.503147564440146,-0.327675492192352,-0.30762683480521,-0.26111849315209",NA,NA,"PctIce2011Ws,RunoffWs,WtDepWs,PctGlacLakeFineWs,BFIWs,RckDepWs","PctUrbHi2011WsRp100,PctAlluvCoastWs,PopDen2010Ws,PctUrbMd2011WsRp100,PctImp2006WsRp100,PctUrbLo2011WsRp100","-0.537609802917098,0.513622860766483,-0.368502957912004,0.329474698230432,-0.319561965082615,0.318970522398678","-0.350976263868315,-0.324637049925266,-0.306709552364049,-0.298455902414147,-0.282613316429873,-0.255147501397476"
"12","DE",2,"atpcsn","fixed_factors","May Jun Jul Aug",2328,9282,3.98711340206186,11121.8141652459,26899.6283304919,0.922499632472769,0.965665412566177,0.986146956417931,4416,1512,0,"0 ","WtDepWs,PctAlluvCoastWs,RckDepWs,PctIce2011Ws,RunoffWs,ElevWs","WtDepWs,PctIce2011Ws,RckDepWs,PctAlluvCoastWs,RunoffWs,RdDensWsRp100",NA,NA,"-0.751526073814702,0.582793476698395,0.55573999789333,-0.544024307171559,0.466792859171302,-0.301169730411271","0.590503429438788,0.534508423921539,-0.458476999022705,-0.314566056344559,-0.276967247290545,-0.197097285643993",NA,NA,"PctIce2011Ws,RunoffWs,WtDepWs,BFIWs,PctGlacLakeFineWs,RckDepWs","PctGlacLakeFineWs,OmWs,BFIWs,RunoffWs,PctIce2011Ws,PermWs","-0.533572278852116,0.497329097392513,-0.379877786200001,-0.375522448619258,0.311359091651687,0.240268294581034","-0.27280475230638,0.173551759670107,0.15086406799055,-0.128209296290159,-0.111863893608655,0.0901587383973969"
"13","DE",2,"pc","fourier","May Jun Jul Aug",840,9282,11.05,12638.7253413534,26957.4506827067,0.882125669065515,0.951875022313968,0.981562693663491,20,2,0,"0 ","WtDepWs,PctAlluvCoastWs,RunoffWs,PctIce2011Ws,RckDepWs,BFIWs","WtDepWs,PctIce2011Ws,RckDepWs,PctUrbLo2011WsRp100,PctImp2006WsRp100,RdDensWsRp100",NA,NA,"-0.634740071027623,0.54721444000774,0.546588682285106,-0.488989286748292,0.463505490385485,-0.294794037814488","0.524041589306463,0.346837138816554,-0.322344848660395,-0.258146200876788,-0.236745807876826,-0.23380343178697",NA,NA,"RunoffWs,PctIce2011Ws,PctAlluvCoastWs,WtDepWs,ElevWs,RckDepWs",NA,"-0.513041298990075,0.489563405023484,-0.411616321105634,0.393777363127706,0.34566926216167,-0.287296796950194",NA
"14","DE",2,"at","fourier","May Jun Jul Aug",840,9282,11.05,12396.1344861631,26472.2689723262,0.8862186357255,0.956856737494284,0.981556834605923,20,2,0,"0 ","WtDepWs,PctAlluvCoastWs,RunoffWs,RckDepWs,PctIce2011Ws,BFIWs","WtDepWs,PctIce2011Ws,RckDepWs,PctAlluvCoastWs,PctUrbLo2011WsRp100,RdDensWsRp100",NA,NA,"-0.694304548845321,0.56582602561636,0.536147279536736,0.492871159155171,-0.489756311690907,-0.279466916722156","0.682929322142607,0.588782362116553,-0.493275738137742,-0.344283532893309,-0.319781876902908,-0.317502892682884",NA,NA,"PctIce2011Ws,RunoffWs,PctAlluvCoastWs,WtDepWs,ElevWs,BFIWs",NA,"-0.521893997885955,0.500924672425584,0.48760238136338,-0.466663975955142,-0.436781764698557,-0.364691734284512",NA
"15","DE",2,"atpc","fourier","May Jun Jul Aug",1464,9282,6.34016393442623,11930.6967067678,26789.3934135356,0.905050717636692,0.95925388091431,0.983400032252209,8,1,0,"0 ","WtDepWs,PctAlluvCoastWs,RunoffWs,RckDepWs,PctIce2011Ws,BFIWs","WtDepWs,PctIce2011Ws,RckDepWs,PctAlluvCoastWs,RdDensWsRp100,PctUrbLo2011WsRp100",NA,NA,"-0.686771836283134,0.557125719479427,0.527779328748167,0.499672995784138,-0.496315475611522,-0.26678698271401","0.636568731173148,0.611474753993748,-0.50413088082011,-0.332878212826068,-0.295494854184958,-0.240475664536066",NA,NA,"PctIce2011Ws,RunoffWs,WtDepWs,PctAlluvCoastWs,ElevWs,RckDepWs","PctUrbHi2011WsRp100,PctAlluvCoastWs,PctUrbMd2011WsRp100,PopDen2010Ws,PctImp2006WsRp100,PctUrbLo2011WsRp100","-0.608549021376093,0.52260796234709,-0.424615706597724,0.389620291962558,-0.386679839205647,0.377537342778907","-0.396711466122261,-0.390474647102704,-0.365401015828719,-0.349604664307125,-0.340575664948379,-0.30847726258773"
"16","DE",2,"atpcsn","fourier","May Jun Jul Aug",2088,9282,4.44540229885058,11360.9808890849,26897.9617781699,0.918669955180403,0.963407429898543,0.985849878224717,4065,1435,0,"0 ","WtDepWs,PctAlluvCoastWs,RckDepWs,PctIce2011Ws,RunoffWs,ElevWs","WtDepWs,PctIce2011Ws,RckDepWs,PctAlluvCoastWs,RunoffWs,RdDensWsRp100",NA,NA,"-0.730888024081886,0.58205218967004,0.531553402576253,-0.526157393122485,0.480522515471491,-0.286169478682465","0.564008296579128,0.541370660506459,-0.451951639760212,-0.308356487620912,-0.269927118094073,-0.212439160486067",NA,NA,"PctIce2011Ws,RunoffWs,WtDepWs,BFIWs,RckDepWs,ElevWs","PctGlacLakeFineWs,OmWs,BFIWs,PctIce2011Ws,RdDensWsRp100,PctUrbLo2011WsRp100","-0.637395183459575,0.545592409964199,-0.520774182360466,-0.421343616764193,0.353130210191717,-0.350591900437886","-0.247892915719962,0.207197911781733,0.204729581435195,-0.167029976182799,0.153656308030416,0.139642078388167"
"17","DE",3,"pc","fixed_factors","May Jun Jul Aug",1102,9282,8.42286751361162,12070.5561107078,26345.1122214156,0.894038075181635,0.962941618181568,0.985167035416795,21,2,0,"0 ","WtDepWs,PctAlluvCoastWs,RckDepWs,ElevWs,PctUrbLo2011WsRp100,PctCrop2011Ws","RunoffWs,PctIce2011Ws,WtDepWs,BFIWs,PctAlluvCoastWs,RckDepWs","WtDepWs,PctIce2011Ws,RunoffWs,RckDepWs,PctAlluvCoastWs,WsAreaSqKm",NA,"-0.819498777298356,0.61035519875094,0.600542579039664,-0.469465859910365,0.45640855240827,0.415952416569358","0.727558742927407,-0.47092660809882,-0.370567764883258,-0.351094805584863,0.324294176538674,0.255271190022992","0.53779586192473,0.524124619206749,-0.445332760998865,-0.360245896298454,-0.274722349634655,-0.149262807701693",NA,"PctGlacLakeFineWs,RunoffWs,OmWs,BFIWs,RckDepWs,WsAreaSqKm",NA,"-0.333548452073993,-0.311812826643312,0.204555203057766,0.172706178272574,-0.159264882502894,-0.158090026664726",NA
"18","DE",3,"at","fixed_factors","May Jun Jul Aug",1102,9282,8.42286751361162,11935.1481149588,26074.2962299176,0.894414789812466,0.964596963481062,0.987056240153268,21,2,0,"0 ","WtDepWs,PctAlluvCoastWs,RckDepWs,ElevWs,PctUrbLo2011WsRp100,PctIce2011Ws","RunoffWs,WtDepWs,PctIce2011Ws,PctAlluvCoastWs,RckDepWs,BFIWs","PctIce2011Ws,RunoffWs,WtDepWs,RckDepWs,PctAlluvCoastWs,PctCrop2011Ws",NA,"-0.836349962877698,0.609325538491892,0.580203242683075,-0.501707866027526,0.43759093711484,-0.396655930461737","0.641206498748145,-0.497490916817263,-0.467653896077062,0.42873854472282,0.358027523461264,-0.264933371122769","0.494098370245305,-0.464148218048757,0.362030351109832,-0.263703717081989,-0.196557640190954,0.177078105239557",NA,"WtDepWs,PctIce2011Ws,RunoffWs,BFIWs,PctAlluvCoastWs,ElevWs",NA,"-0.532881659958422,-0.516887255383647,0.504853351274832,-0.396159903774999,0.394869162144198,-0.374593374029796",NA
"19","DE",3,"atpc","fixed_factors","May Jun Jul Aug",1726,9282,5.37775202780997,11467.9692249105,26387.9384498211,0.908065068113408,0.966621790257886,0.98765316194834,23,2,0,"0 ","WtDepWs,RckDepWs,PctAlluvCoastWs,ElevWs,PctIce2011Ws,PctUrbLo2011WsRp100","RunoffWs,PctIce2011Ws,WtDepWs,PctAlluvCoastWs,BFIWs,RckDepWs","PctIce2011Ws,WtDepWs,RunoffWs,RckDepWs,PctAlluvCoastWs,PctCrop2011Ws",NA,"-0.846419761533222,0.620039444693539,0.619398935694407,-0.45491838569501,-0.417946039031548,0.387452968333447","0.692430585376643,-0.420974693884903,-0.327673185485298,0.312040762254912,-0.277825374687729,0.231399507065721","0.528527048658377,0.395412726100998,-0.382175911150933,-0.301822042988709,-0.20024917915674,0.165690224926925",NA,"PctIce2011Ws,WtDepWs,RunoffWs,RckDepWs,PctGlacLakeFineWs,ElevWs","PctGlacLakeFineWs,PctAlluvCoastWs,WtDepWs,PctUrbHi2011WsRp100,RckDepWs,PopDen2010Ws","-0.565571331681203,-0.46561686166843,0.439031253412686,0.391757685719163,0.376941033494464,-0.335620073228616","-0.276027582275817,-0.262927562918011,0.250616456886,-0.208805217499421,-0.170186480419806,-0.168234015171705"
"20","DE",3,"atpcsn","fixed_factors","May Jun Jul Aug",2350,9282,3.94978723404255,10947.0857591109,26594.1715182218,0.923188547770101,0.97357903467247,0.98851421162557,4484,1512,0,"0 ","WtDepWs,PctAlluvCoastWs,RckDepWs,PctCrop2011Ws,ElevWs,RunoffWs","PctIce2011Ws,RunoffWs,WtDepWs,RckDepWs,PctAlluvCoastWs,RdDensWsRp100","PctIce2011Ws,WtDepWs,RckDepWs,RunoffWs,PctAlluvCoastWs,RdDensWsRp100",NA,"-0.762025797066443,0.579407810331377,0.507516773559247,0.391694252100698,-0.338048534881071,0.302163384667203","-0.646830656717798,0.454968982796515,-0.340324682657694,0.325442070685273,0.286496001377899,0.202986228092708","0.576962185673087,0.540822503423879,-0.430635661668642,-0.324837675666339,-0.304420959472366,-0.205346758470581",NA,"PctIce2011Ws,RunoffWs,WtDepWs,BFIWs,PctGlacLakeFineWs,RckDepWs","PctGlacLakeFineWs,OmWs,BFIWs,RunoffWs,PctIce2011Ws,PermWs","-0.506354593359332,0.490319964658269,-0.424891375094194,-0.371715271855203,0.307231822112794,0.271335261555744","-0.297695966922494,0.181375955443882,0.14089153860416,-0.118329015759331,-0.113090484653232,0.10386951192589"
"21","DE",3,"pc","fourier","May Jun Jul Aug",862,9282,10.7679814385151,12444.3060775191,26612.6121550383,0.889524377485273,0.960488871219842,0.986725144489556,8,1,0,"0 ","WtDepWs,PctAlluvCoastWs,RckDepWs,ElevWs,PctIce2011Ws,PctUrbLo2011WsRp100","RunoffWs,PctIce2011Ws,BFIWs,PctAlluvCoastWs,PopDen2010Ws,PctUrbOp2011WsRp100","PctIce2011Ws,WtDepWs,RunoffWs,RckDepWs,PctAlluvCoastWs,PctGlacLakeFineWs",NA,"-0.852819695472143,0.625373425158102,0.593938798094555,-0.437862341560633,-0.427205169603395,0.391278663781333","0.645608162694484,-0.347527495194154,-0.30565106266905,0.25169655643254,-0.20521792346756,-0.192643524722308","0.497025257225785,0.480093426549993,-0.404160809750476,-0.311031194644385,-0.240214670045882,0.183062811957584",NA,"RunoffWs,PctIce2011Ws,WtDepWs,PctAlluvCoastWs,ElevWs,RckDepWs",NA,"-0.49568984410315,0.493870369142203,0.443680831129581,-0.427758142675038,0.378229300691305,-0.31604381310536",NA
"22","DE",3,"at","fourier","May Jun Jul Aug",862,9282,10.7679814385151,12197.7928429734,26119.5856859468,0.893550863539826,0.961937443380195,0.986868357086516,18,1,0,"0 ","WtDepWs,PctAlluvCoastWs,RckDepWs,PctIce2011Ws,RunoffWs,ElevWs","RunoffWs,PctIce2011Ws,PctAlluvCoastWs,PctUrbOp2011WsRp100,PopDen2010Ws,BFIWs","RunoffWs,PctIce2011Ws,WtDepWs,RckDepWs,PctAlluvCoastWs,PctCrop2011Ws",NA,"-0.818780967787854,0.61716561413069,0.567760319702813,-0.499582299341204,0.409063383109664,-0.376670759777729","0.65613038797424,-0.291921765356102,0.265070177671914,-0.260337959411846,-0.250581953303729,-0.242483586409564","-0.503194868694309,0.461715874235989,0.333355245447389,-0.252536526653278,-0.225409449318428,0.150897800295719",NA,"PctIce2011Ws,WtDepWs,PctAlluvCoastWs,ElevWs,RunoffWs,RckDepWs",NA,"-0.52905642109033,-0.505705528639079,0.498452781148588,-0.477744068959215,0.476178820184112,0.387875018618952",NA
"23","DE",3,"atpc","fourier","May Jun Jul Aug",1486,9282,6.24629878869448,11748.2203711379,26468.4407422759,0.906804152656435,0.965438903578063,0.987631336330005,8,1,0,"0 ","WtDepWs,PctAlluvCoastWs,RckDepWs,PctIce2011Ws,RunoffWs,ElevWs","RunoffWs,PctUrbOp2011WsRp100,PopDen2010Ws,PctUrbLo2011WsRp100,PctImp2006WsRp100,PctUrbHi2011WsRp100","RunoffWs,PctIce2011Ws,ElevWs,PctUrbOp2011WsRp100,PopDen2010Ws,PctCrop2011Ws",NA,"-0.757412992844288,0.588152324187574,0.548616115211823,-0.505599471895483,0.466441733425299,-0.290629426203656","0.648665224719642,-0.398861235354938,-0.372580838725665,-0.356683692634088,-0.356296937395993,-0.343404504389365","-0.519290956027313,0.382551875303178,-0.211056678417411,0.194706415262766,0.188748021986556,0.186102082917627",NA,"PctIce2011Ws,RunoffWs,WtDepWs,ElevWs,PctAlluvCoastWs,RckDepWs","PctAlluvCoastWs,WtDepWs,PctGlacLakeFineWs,PctUrbHi2011WsRp100,RckDepWs,ElevWs","-0.622061729855268,0.478103610196871,-0.460101881000194,-0.448225177154847,0.444487874623888,0.400744127335197","-0.294032654186441,0.213594501583297,-0.196668268204526,-0.189101045084159,-0.161019542441346,0.156422601619726"
"24","DE",3,"atpcsn","fourier","May Jun Jul Aug",2110,9282,4.39905213270142,11196.1991504435,26612.3983008869,0.920706525423973,0.971943459932534,0.988800879960903,4150,1434,0,"0 ","WtDepWs,PctAlluvCoastWs,RckDepWs,PctCrop2011Ws,ElevWs,RunoffWs","PctIce2011Ws,RunoffWs,WtDepWs,PctAlluvCoastWs,RckDepWs,RdDensWsRp100","PctIce2011Ws,WtDepWs,RckDepWs,RunoffWs,PctAlluvCoastWs,RdDensWsRp100",NA,"-0.793325196724777,0.605430428252315,0.531952121720131,0.36857782826453,-0.354268494972357,0.324077251085765","-0.600875695152831,0.502684373403478,-0.402278880419009,0.349320235103005,0.344765945461934,0.174992929945463","0.574480296920846,0.437014806999962,-0.369594645356115,-0.353290943748198,-0.269435781100031,-0.201893675468569",NA,"PctIce2011Ws,WtDepWs,RunoffWs,BFIWs,RckDepWs,ElevWs","PctGlacLakeFineWs,BFIWs,OmWs,RdDensWsRp100,PctUrbLo2011WsRp100,PctIce2011Ws","-0.612842314532285,-0.556602031708673,0.533041037027927,-0.413131082596982,0.374419533192869,-0.373573322713785","-0.283669625690384,0.207665480409969,0.190877089273686,0.17776934998859,0.175625236454126,-0.172741365009584"
"25","DE",4,"pc","fixed_factors","May Jun Jul Aug",1123,9282,8.2653606411398,11899.9923636292,26045.9847272585,0.89656829164232,0.967957352297167,0.988402903513367,29,2,0,"0 ","WtDepWs,PctAlluvCoastWs,RckDepWs,PctUrbLo2011WsRp100,ElevWs,PctCrop2011Ws","RunoffWs,PctIce2011Ws,BFIWs,WtDepWs,PctAlluvCoastWs,RckDepWs","WtDepWs,BFIWs,ElevWs,RunoffWs,PctIce2011Ws,PctAlluvCoastWs","PctIce2011Ws,WtDepWs,RunoffWs,RckDepWs,WsAreaSqKm,PctAlluvCoastWs","-0.803138265231885,0.602748945380576,0.592246438312908,0.449182276219526,-0.446089291139722,0.440406143981951","0.729188635457486,-0.465368666172269,-0.350868204147493,-0.329298797854818,0.298599326310343,0.228610491027858","-0.474059668888007,-0.473577153929652,-0.417482912855753,0.348224853656883,-0.31171895388342,0.28259682317379","-0.423406605760894,-0.401303088113604,0.302003838314611,0.293720882363675,0.214425127881255,0.202023637263345","PctGlacLakeFineWs,RunoffWs,BFIWs,OmWs,RckDepWs,PctAlluvCoastWs",NA,"-0.34549237731363,-0.337817146991351,0.207628946399079,0.201849497979574,-0.17541917463712,-0.159139536624766",NA
"26","DE",4,"at","fixed_factors","May Jun Jul Aug",1123,9282,8.2653606411398,11769.6447657992,25785.2895315985,0.897401025706531,0.966734245271334,0.988253994860623,8,1,0,"0 ","WtDepWs,RckDepWs,PctAlluvCoastWs,PctIce2011Ws,ElevWs,PctUrbLo2011WsRp100","RunoffWs,BFIWs,PctIce2011Ws,WtDepWs,PctAlluvCoastWs,RckDepWs","PctIce2011Ws,WtDepWs,RunoffWs,RckDepWs,PctAlluvCoastWs,PctGlacLakeFineWs","BFIWs,WtDepWs,RunoffWs,ElevWs,PctAlluvCoastWs,RckDepWs","-0.845926934687836,0.647128426187576,0.615101396844656,-0.471691543124308,-0.449867696994207,0.425629348283989","0.771504328299707,-0.381642706238505,-0.381326724805542,-0.357393446469773,0.343270860856522,0.218329999090897","0.494241736087473,0.393055263219747,-0.353570884772021,-0.28637876298133,-0.196930997563464,0.178229098287599","0.507040004764488,0.4891727713477,-0.417866631718872,0.334255652946166,-0.321605458077477,-0.231828431390033","WtDepWs,PctIce2011Ws,RunoffWs,PctAlluvCoastWs,RckDepWs,ElevWs",NA,"-0.569872147447087,-0.545704943635639,0.46138059021733,0.408159634674056,0.397072288913402,-0.387653910015062",NA
"27","DE",4,"atpc","fixed_factors","May Jun Jul Aug",1747,9282,5.31310818546079,11304.7506930055,26103.501386011,0.911823984306781,0.973523195871018,0.987992257728341,32,2,0,"0 ","WtDepWs,PctAlluvCoastWs,RckDepWs,PctCrop2011Ws,ElevWs,PctIce2011Ws","RunoffWs,PctIce2011Ws,WtDepWs,PctAlluvCoastWs,RckDepWs,BFIWs","RdDensWsRp100,PctUrbOp2011WsRp100,RunoffWs,PermWs,ElevWs,PctUrbLo2011WsRp100","RunoffWs,PctGlacLakeFineWs,PermWs,PctUrbOp2011WsRp100,ElevWs,RdDensWsRp100","-0.810982692738896,0.603739019094723,0.565291611665438,0.38086470973549,-0.368953023264099,-0.327901921708366","0.614945243681226,-0.567686003601658,-0.396525069267894,0.335212081946078,0.32498990412952,-0.259019394196461","-0.702067778273701,-0.666049716052076,0.619260726597658,-0.563026431997957,0.522941268739625,-0.514282929015357","0.625610534508895,-0.371904978170183,-0.356499850175119,-0.347840330151203,0.338081564638605,-0.272206999680471","PctIce2011Ws,WtDepWs,RunoffWs,RckDepWs,PctGlacLakeFineWs,ElevWs","PctGlacLakeFineWs,WtDepWs,PctUrbHi2011WsRp100,PctAlluvCoastWs,RckDepWs,PopDen2010Ws","-0.592996080468205,-0.490319713262897,0.424689978948866,0.415915224802127,0.394835913786745,-0.344206864963043","-0.370641710369032,0.309299532119601,-0.275953937877492,-0.265194513037432,-0.251519294164711,-0.242269309757161"
"28","DE",4,"atpcsn","fixed_factors","May Jun Jul Aug",2371,9282,3.91480388021932,10820.3782574229,26382.7565148459,0.92358735094335,0.974977581385714,0.990238821315743,4619,1545,0,"0 ","WtDepWs,PctAlluvCoastWs,PctCrop2011Ws,RckDepWs,PctUrbLo2011WsRp100,ElevWs","PctIce2011Ws,RunoffWs,WtDepWs,RckDepWs,PctAlluvCoastWs,BFIWs","BFIWs,RunoffWs,WtDepWs,RckDepWs,PctAlluvCoastWs,RdDensWsRp100","WtDepWs,PctIce2011Ws,RckDepWs,PctAlluvCoastWs,RdDensWsRp100,PctUrbLo2011WsRp100","-0.701938769607946,0.530058055608262,0.488918770276908,0.459066882229748,0.335022217797534,-0.309660292290306","-0.639062355655376,0.623715928465418,-0.420664293145304,0.36983953719541,0.342457820631343,-0.339882219196662","-0.521225767730569,0.497356683549244,-0.433490637584802,0.291769823873744,0.288124929869966,-0.222253872556435","0.57806732801648,0.438359994351285,-0.427689935083736,-0.325426778025607,-0.253295674876514,-0.227522696743143","PctIce2011Ws,RunoffWs,WtDepWs,BFIWs,PctGlacLakeFineWs,RckDepWs","PctGlacLakeFineWs,OmWs,PctIce2011Ws,BFIWs,PermWs,ElevWs","-0.509730710621804,0.445845209051773,-0.442651628035218,-0.322714110720578,0.301227550619683,0.285382234240676","-0.305409633989886,0.165405055765555,-0.140898734941471,0.0942997897611415,0.0861690998311815,0.0735607597322853"
"29","DE",4,"pc","fourier","May Jun Jul Aug",883,9282,10.5118912797282,12278.6850474484,26323.3700948967,0.89371054834865,0.966365251269904,0.988097553915149,21,2,0,"0 ","WtDepWs,PctAlluvCoastWs,RckDepWs,ElevWs,PctIce2011Ws,PctUrbLo2011WsRp100","RunoffWs,PctIce2011Ws,BFIWs,PctAlluvCoastWs,PopDen2010Ws,PctUrbOp2011WsRp100","WtDepWs,ElevWs,BFIWs,PctIce2011Ws,RunoffWs,PctUrbLo2011WsRp100","WtDepWs,PctIce2011Ws,RckDepWs,RunoffWs,PctAlluvCoastWs,WsAreaSqKm","-0.839620594786851,0.622362393311762,0.599065689410135,-0.413531825480511,-0.396398343166867,0.392736122757664","0.663593101386938,-0.36155058132622,-0.330169790426828,0.256422044090696,-0.198795015772081,-0.1847673869464","-0.458529776333038,-0.444114134928086,-0.417946799045935,-0.359026513996875,0.3352344638306,0.317587794649331","0.490307747021312,0.453045327318835,-0.336597817738686,-0.30149538693589,-0.249028709502868,-0.212709668865804","RunoffWs,PctIce2011Ws,WtDepWs,PctAlluvCoastWs,ElevWs,BFIWs",NA,"-0.520752430075461,0.49250993671442,0.440124226916833,-0.404573546245074,0.380890162639433,0.329971336619134",NA
"30","DE",4,"at","fourier","May Jun Jul Aug",883,9282,10.5118912797282,12040.5690857243,25847.1381714486,0.89718244890458,0.964802015776587,0.987818422097637,22,2,0,"0 ","WtDepWs,RckDepWs,PctAlluvCoastWs,PctIce2011Ws,ElevWs,PctUrbLo2011WsRp100","RunoffWs,PctIce2011Ws,BFIWs,PctAlluvCoastWs,WtDepWs,PctUrbOp2011WsRp100","PctIce2011Ws,RunoffWs,WtDepWs,RckDepWs,PctAlluvCoastWs,WsAreaSqKm","WtDepWs,BFIWs,RunoffWs,ElevWs,PctAlluvCoastWs,PctIce2011Ws","-0.850699851794735,0.621968540809359,0.61354721366971,-0.477341085990643,-0.412037221273335,0.392563692266589","0.720068076228853,-0.347941995129569,-0.336210501469377,0.329603617764346,-0.293597422452295,-0.214879008187502","0.448376050965136,-0.384464020644157,0.339243707195002,-0.273554701756391,-0.220227126050093,-0.16328272947855","-0.543259453357201,-0.495502763107318,0.42775681523707,-0.402765204129048,0.354292428979425,-0.327246134379496","PctIce2011Ws,WtDepWs,PctAlluvCoastWs,ElevWs,RunoffWs,RckDepWs",NA,"-0.534887984033056,-0.518510616121363,0.510085279753019,-0.486597542494957,0.465052893942071,0.400880707346376",NA
"31","DE",4,"atpc","fourier","May Jun Jul Aug",1507,9282,6.15925680159257,11604.8066117222,26223.6132234444,0.911069981597837,0.970763297452086,0.988284091934731,8,1,0,"0 ","WtDepWs,PctAlluvCoastWs,RckDepWs,PctCrop2011Ws,ElevWs,RunoffWs","PctIce2011Ws,RunoffWs,WtDepWs,PctAlluvCoastWs,RckDepWs,BFIWs","RdDensWsRp100,PctUrbOp2011WsRp100,PctIce2011Ws,PermWs,RunoffWs,ElevWs","RunoffWs,PctIce2011Ws,WtDepWs,PctAlluvCoastWs,RckDepWs,PctGlacLakeFineWs","-0.809813278948459,0.60096230939627,0.543845497367424,0.364184778930936,-0.342790081178796,0.324428739944047","-0.580936254977813,0.557401989392177,-0.438079470714927,0.379714086712661,0.371377676367453,-0.234144223866053","-0.68868224469759,-0.637312720236314,0.563407558509273,-0.54603272597081,0.519320998798451,0.497670562035712","-0.531687282181925,0.38277904044496,0.343711949423353,-0.245894804287454,-0.234604459455009,0.182337813857583","PctIce2011Ws,RunoffWs,WtDepWs,PctAlluvCoastWs,ElevWs,RckDepWs","PctAlluvCoastWs,PctUrbHi2011WsRp100,WtDepWs,PctGlacLakeFineWs,PopDen2010Ws,ElevWs","-0.615131827090832,0.501578553348769,-0.471966081979933,0.449646840140505,-0.433570341898772,0.401878053220402","-0.30602118802787,-0.259689252595331,0.23445966666377,-0.233383120727752,-0.218338466232683,0.213188134121326"
"32","DE",4,"atpcsn","fourier","May Jun Jul Aug",2131,9282,4.35570154856875,11064.8092579973,26391.6185159947,0.921647603939961,0.973575143732999,0.989793711687754,4062,1261,0,"0 ","WtDepWs,PctAlluvCoastWs,RckDepWs,PctIce2011Ws,RunoffWs,ElevWs","PctCrop2011Ws,PctIce2011Ws,WtDepWs,OmWs,RunoffWs,PctAlluvCoastWs","RunoffWs,PctUrbOp2011WsRp100,RdDensWsRp100,PctUrbLo2011WsRp100,PctImp2006WsRp100,PopDen2010Ws","RunoffWs,PctIce2011Ws,WtDepWs,RckDepWs,PctAlluvCoastWs,PctGlacLakeFineWs","-0.74642216854483,0.576416910566888,0.549519357719903,-0.539402239544609,0.479484873849151,-0.287752485106358","-0.423596461016599,-0.331126708515639,0.303703435695916,-0.238851706057967,0.204389563517984,-0.170624978835307","0.622040472489683,-0.55285860906977,-0.540403118302616,-0.461556311667507,-0.445649968441263,-0.441192428932823","-0.494084682963331,0.431889454967502,0.35078638014307,-0.252450102955378,-0.247406593610095,0.151939050467113","PctIce2011Ws,WtDepWs,RunoffWs,RckDepWs,BFIWs,ElevWs","PctGlacLakeFineWs,ElevWs,WsAreaSqKm,PctUrbOp2011WsRp100,PopDen2010Ws,PctUrbHi2011WsRp100","-0.598284470757118,-0.557311590656417,0.507717588449396,0.414381929614369,-0.376498384696987,-0.357414989533448","-0.352902359105279,0.209705542630555,0.184632356059841,-0.183180429904933,-0.179586001210012,-0.171360356672074"
"33","DUE",1,"pc","fixed_factors","May Jun Jul Aug",1080,9282,8.59444444444444,12152.5957491711,26465.1914983421,0.812173413204078,0.957355522657725,0.981807182121456,24,3,0,"0 ","WtDepWs,RunoffWs,PctAlluvCoastWs,PctIce2011Ws,RckDepWs,BFIWs",NA,NA,NA,"-0.628795981924595,0.595084594973019,0.551985280585497,-0.453580759697835,0.436653065609938,-0.356419080658182",NA,NA,NA,"RunoffWs,PctGlacLakeFineWs,OmWs,PctAlluvCoastWs,PctIce2011Ws,WsAreaSqKm",NA,"-0.349627970547506,-0.277427001550899,0.264648572780932,-0.169013182471062,0.148651678758292,-0.148541756000151",NA
"34","DUE",1,"at","fixed_factors","May Jun Jul Aug",1080,9282,8.59444444444444,12038.5472405896,26237.0944811792,0.820237826316336,0.959221944531405,0.982390165946305,19,2,0,"0 ","WtDepWs,RunoffWs,PctAlluvCoastWs,PctIce2011Ws,RckDepWs,BFIWs",NA,NA,NA,"-0.625413585836458,0.611352611927853,0.544498822137584,-0.428944608405746,0.414427503919739,-0.341089605157498",NA,NA,NA,"RunoffWs,PctIce2011Ws,BFIWs,PctGlacLakeFineWs,WtDepWs,ElevWs",NA,"0.52634829193982,-0.423408426228202,-0.404260715053924,0.336100127400803,-0.329459833170572,-0.296306021973361",NA
"35","DUE",1,"atpc","fixed_factors","May Jun Jul Aug",1704,9282,5.44718309859155,11557.5763667245,26523.1527334491,0.833425344287856,0.961465204986877,0.985320324882428,19,2,0,"0 ","WtDepWs,RunoffWs,PctAlluvCoastWs,PctIce2011Ws,RckDepWs,BFIWs",NA,NA,NA,"-0.641628460584953,0.610881015803489,0.543929528351679,-0.437660917893961,0.428750914891864,-0.349735657408467",NA,NA,NA,"PctGlacLakeFineWs,RunoffWs,PctIce2011Ws,BFIWs,RckDepWs,ElevWs","PctAlluvCoastWs,WtDepWs,PctUrbHi2011WsRp100,PctUrbMd2011WsRp100,PctImp2006WsRp100,PopDen2010Ws","0.442754376293828,0.435233242910081,-0.407420794161789,-0.31198508448449,0.219712370274271,-0.218064919917653","-0.433031254355861,0.41853662143284,-0.412334201880011,-0.367519961035239,-0.358001891839931,-0.355996332294561"
"36","DUE",1,"atpcsn","fixed_factors","May Jun Jul Aug",2328,9282,3.98711340206186,11065.6689108799,26787.3378217599,0.845625758016129,0.965075323714909,0.986921445927446,4404,1505,0,"0 ","WtDepWs,PctAlluvCoastWs,RunoffWs,PctIce2011Ws,RckDepWs,BFIWs",NA,NA,NA,"-0.702736261436006,0.574410701105302,0.536946220708646,-0.501365887795875,0.483547579041751,-0.320879629346263",NA,NA,NA,"BFIWs,PctIce2011Ws,RunoffWs,ElevWs,PctGlacLakeFineWs,WtDepWs","RunoffWs,WtDepWs,PctAlluvCoastWs,OmWs,RckDepWs,BFIWs","-0.527012292279409,-0.474399125139279,0.381390468774496,-0.293105866892817,0.250302341119732,-0.232611661152708","-0.369937274040834,0.294516646605108,-0.288093764214934,0.206025526610413,-0.203230503257137,0.195664072949396"
"37","DUE",1,"pc","fourier","May Jun Jul Aug",840,9282,11.05,12558.4213526012,26796.8427052024,0.804902338339026,0.950471339921009,0.98193530881277,18,2,0,"0 ","RunoffWs,PctAlluvCoastWs,WtDepWs,PctIce2011Ws,RckDepWs,BFIWs",NA,NA,NA,"0.600072761199362,0.50209222040656,-0.494725869898116,-0.410264418889244,0.360250172103425,-0.34748072343115",NA,NA,NA,"RunoffWs,PctIce2011Ws,PctAlluvCoastWs,ElevWs,WtDepWs,PermWs",NA,"-0.490046908382548,0.450546601688352,-0.378388075770706,0.345440092916584,0.333718402354115,-0.278285253266557",NA
"38","DUE",1,"at","fourier","May Jun Jul Aug",840,9282,11.05,12337.5767059778,26355.1534119556,0.812069164662017,0.95625888288345,0.981564290041195,18,2,0,"0 ","RunoffWs,WtDepWs,PctAlluvCoastWs,PctIce2011Ws,RckDepWs,BFIWs",NA,NA,NA,"0.618647294474369,-0.586129709644141,0.534167299345101,-0.407243869647104,0.389081895008496,-0.332612476394706",NA,NA,NA,"PctIce2011Ws,RunoffWs,ElevWs,PctAlluvCoastWs,WtDepWs,BFIWs",NA,"-0.47968721061378,0.466660641123801,-0.456790635762631,0.450521750815601,-0.393034763614201,-0.372146862292365",NA
"39","DUE",1,"atpc","fourier","May Jun Jul Aug",1464,9282,6.34016393442623,11860.1538164069,26648.3076328138,0.823776472631801,0.958351811084022,0.98480444188422,30,4,0,"0 ","RunoffWs,WtDepWs,PctAlluvCoastWs,PctIce2011Ws,RckDepWs,BFIWs",NA,NA,NA,"0.614782711008549,-0.599571020032238,0.534858865325206,-0.414477815071628,0.400002937481226,-0.338350389938936",NA,NA,NA,"PctIce2011Ws,RunoffWs,PctGlacLakeFineWs,ElevWs,BFIWs,WsAreaSqKm","PctAlluvCoastWs,PctUrbHi2011WsRp100,PctUrbMd2011WsRp100,WtDepWs,PctImp2006WsRp100,PopDen2010Ws","-0.519626788744706,0.45665644127563,0.433143694837098,-0.409623461115311,-0.369409846476459,-0.321095753988055","-0.508760740265937,-0.461533516625796,-0.431851020328596,0.41802422157287,-0.416491068029899,-0.400963950192045"
"40","DUE",1,"atpcsn","fourier","May Jun Jul Aug",2088,9282,4.44540229885058,11306.506473463,26789.012946926,0.839036854941501,0.96255695148307,0.986901601962057,3998,1439,0,"0 ","WtDepWs,PctAlluvCoastWs,RunoffWs,PctIce2011Ws,RckDepWs,BFIWs",NA,NA,NA,"-0.68202508844162,0.575625755105797,0.551861360591797,-0.477972089232796,0.458341559528318,-0.316946431171794",NA,NA,NA,"BFIWs,PctIce2011Ws,RunoffWs,ElevWs,WtDepWs,OmWs","RunoffWs,BFIWs,WtDepWs,OmWs,PctGlacLakeFineWs,PctAlluvCoastWs","-0.579416464318814,-0.521265354511334,0.408622714499608,-0.40087782387189,-0.319930893090897,0.260763361506565","-0.356461707718006,0.257162443739915,0.252022653694151,0.228215469774137,-0.225995277586786,-0.200814833157118"
"41","DUE",2,"pc","fixed_factors","May Jun Jul Aug",1103,9282,8.41523118766999,11889.7155660522,25985.4311321044,0.820815025924369,0.958235345945541,0.99164060885478,7,1,0,"0 ","WtDepWs,RunoffWs,PctAlluvCoastWs,PctIce2011Ws,RckDepWs,BFIWs","RunoffWs,PctAlluvCoastWs,WtDepWs,PctIce2011Ws,RckDepWs,BFIWs",NA,NA,"-0.694781234704046,0.593791062537411,0.549787108879098,-0.450909648178598,0.442886000938351,-0.422463627599731","0.546826427589184,0.470894552721903,-0.437156575549282,-0.400724011330193,0.357744758017818,-0.233704717756457",NA,NA,"RunoffWs,PctGlacLakeFineWs,OmWs,PctAlluvCoastWs,BFIWs,PctIce2011Ws",NA,"-0.357606664861199,-0.285066667353567,0.253694871108429,-0.187500886560412,0.162710373204936,0.162260462084651",NA
"42","DUE",2,"at","fixed_factors","May Jun Jul Aug",1103,9282,8.41523118766999,11744.1797310157,25694.3594620314,0.827594097646369,0.960055995309862,0.991455035983959,7,1,0,"0 ","WtDepWs,RunoffWs,PctAlluvCoastWs,RckDepWs,PctIce2011Ws,BFIWs","RunoffWs,PopDen2010Ws,PctUrbOp2011WsRp100,PctUrbHi2011WsRp100,PctImp2006WsRp100,PctUrbMd2011WsRp100",NA,NA,"-0.710773055084175,0.582581044793363,0.560057250214916,0.442579036062908,-0.437701600588337,-0.398794653445717","0.475672779050965,-0.2710116026185,-0.249580683518378,-0.247504509962919,-0.23988485483509,-0.239238629794677",NA,NA,"RunoffWs,PctIce2011Ws,WtDepWs,BFIWs,ElevWs,PctAlluvCoastWs",NA,"0.515055171703976,-0.439493316381277,-0.425240600124739,-0.418057855243146,-0.364888540175277,0.359176989642555",NA
"43","DUE",2,"atpc","fixed_factors","May Jun Jul Aug",1727,9282,5.37463810075275,11311.7755449581,26077.5510899161,0.837491478541837,0.963462104846627,0.991310177379945,7,1,0,"0 ","WtDepWs,PctAlluvCoastWs,RunoffWs,RckDepWs,PctIce2011Ws,BFIWs","RunoffWs,PctIce2011Ws,PctAlluvCoastWs,PopDen2010Ws,PctUrbOp2011WsRp100,PctUrbHi2011WsRp100",NA,NA,"-0.729714582037291,0.561525775003824,0.549070966925752,0.468513949979484,-0.414151976184041,-0.389973770043725","0.544907182626394,-0.321371153951125,0.24945975043426,-0.225713694341377,-0.203400966356083,-0.201441825442272",NA,NA,"PctGlacLakeFineWs,PctIce2011Ws,RunoffWs,BFIWs,ElevWs,RckDepWs","WtDepWs,PctAlluvCoastWs,PctUrbHi2011WsRp100,PctUrbMd2011WsRp100,PctImp2006WsRp100,PopDen2010Ws","0.455632901106201,-0.424161175331593,0.418005696925585,-0.319848839967888,-0.316984412232207,0.278017964999437","0.412487304169939,-0.402604437750017,-0.341398784359188,-0.293228450843562,-0.287142348933568,-0.285747690651757"
"44","DUE",2,"atpcsn","fixed_factors","May Jun Jul Aug",2351,9282,3.94810718843046,10792.5691135978,26287.1382271956,0.846521553703698,0.96912285042779,0.992291455331789,4610,1574,0,"0 ","WtDepWs,PctAlluvCoastWs,RunoffWs,RckDepWs,BFIWs,PctIce2011Ws","PctIce2011Ws,RunoffWs,PctAlluvCoastWs,RckDepWs,RdDensWsRp100,WtDepWs",NA,NA,"-0.75311300557095,0.558974359524028,0.491212518870675,0.472246035249306,-0.376491350178272,-0.376104864309887","-0.481956817920577,0.369345400098636,0.238927037432537,0.205150695774905,0.1630209807957,-0.156042731396801",NA,NA,"BFIWs,PctIce2011Ws,RunoffWs,ElevWs,WtDepWs,PctGlacLakeFineWs","RunoffWs,OmWs,WtDepWs,PctGlacLakeFineWs,PctAlluvCoastWs,PermWs","-0.534821905633746,-0.460689687656325,0.393306545159061,-0.309723354120867,-0.268787458960436,0.262632525930053","-0.363312804705092,0.230634303347419,0.228931557358064,-0.214956651938866,-0.208022957507685,0.194947986812667"
"45","DUE",2,"pc","fourier","May Jun Jul Aug",863,9282,10.7555040556199,12276.9820825142,26279.9641650284,0.803086510136958,0.953531484795008,0.990582373740823,32,4,0,"0 ","WtDepWs,PctAlluvCoastWs,RunoffWs,RckDepWs,BFIWs,PctIce2011Ws","RunoffWs,PctIce2011Ws,PctAlluvCoastWs,PopDen2010Ws,PctUrbHi2011WsRp100,PctUrbMd2011WsRp100",NA,NA,"-0.715258369859568,0.569193987904514,0.537780728566829,0.435694006825698,-0.408368644629556,-0.40411437705942","0.465387620372006,-0.264377116760762,0.214153272955869,-0.210161061279339,-0.192023323508684,-0.189432301041686",NA,NA,"RunoffWs,PctIce2011Ws,WtDepWs,PctAlluvCoastWs,ElevWs,BFIWs",NA,"-0.521106399470685,0.462147862914742,0.399781854970952,-0.371792317861772,0.358157613446599,0.335046372192868",NA
"46","DUE",2,"at","fourier","May Jun Jul Aug",863,9282,10.7555040556199,12045.1321424832,25816.2642849663,0.811337466750843,0.957827666063907,0.989592668273023,7,1,0,"0 ","WtDepWs,PctAlluvCoastWs,RunoffWs,RckDepWs,PctIce2011Ws,BFIWs","RunoffWs,PopDen2010Ws,PctUrbOp2011WsRp100,PctImp2006WsRp100,PctUrbHi2011WsRp100,PctUrbMd2011WsRp100",NA,NA,"-0.751893523105554,0.577113108417019,0.520156329257659,0.449513797501847,-0.404030315604496,-0.385532262909579","0.434084921904331,-0.311632614202374,-0.293906181383047,-0.290565744655091,-0.288489811293716,-0.282208102856444",NA,NA,"ElevWs,PctIce2011Ws,PctAlluvCoastWs,RunoffWs,WtDepWs,BFIWs",NA,"-0.490277063756769,-0.483217588598709,0.473118855905491,0.45757525891709,-0.447932492560657,-0.385947183237828",NA
"47","DUE",2,"atpc","fourier","May Jun Jul Aug",1487,9282,6.24209818426362,11612.5782174572,26199.1564349144,0.822583083385529,0.961479552781368,0.989958248264501,7,1,0,"0 ","WtDepWs,PctAlluvCoastWs,RunoffWs,RckDepWs,BFIWs,PctIce2011Ws","RunoffWs,PctIce2011Ws,PopDen2010Ws,PctUrbOp2011WsRp100,PctUrbHi2011WsRp100,PctImp2006WsRp100",NA,NA,"-0.758441665429049,0.572568504690183,0.490468134949862,0.467844158919082,-0.373362941093054,-0.367756998958723","0.49152319891555,-0.266028418389566,-0.242225814592839,-0.225552782035477,-0.218096638445515,-0.211969585901978",NA,NA,"PctIce2011Ws,ElevWs,PctGlacLakeFineWs,RunoffWs,PctAlluvCoastWs,BFIWs","PctAlluvCoastWs,WtDepWs,PctUrbHi2011WsRp100,PctUrbMd2011WsRp100,PctImp2006WsRp100,PctUrbLo2011WsRp100","-0.527860225566885,-0.459031116196109,0.441453682223407,0.430216827670152,0.361910520977922,-0.346088369706024","-0.456264302717138,0.449829418167546,-0.340570567906238,-0.302854660812971,-0.297375663755008,-0.287408705107615"
"48","DUE",2,"atpcsn","fourier","May Jun Jul Aug",2111,9282,4.39696826148745,11049.6296733562,26321.2593467123,0.83823491763626,0.96621867940122,0.991792874962781,4142,1477,0,"0 ","WtDepWs,PctAlluvCoastWs,RunoffWs,RckDepWs,BFIWs,ElevWs","PctIce2011Ws,RunoffWs,PctAlluvCoastWs,RckDepWs,RdDensWsRp100,WtDepWs",NA,NA,"-0.745033025467164,0.561501158476835,0.48666451545519,0.45053812054399,-0.375469869520296,-0.340721528395739","-0.456363087139608,0.38342232951074,0.238953140571415,0.189779127538893,0.155816553514197,-0.151157021894566",NA,NA,"BFIWs,PctIce2011Ws,ElevWs,RunoffWs,WtDepWs,OmWs","RunoffWs,BFIWs,PctGlacLakeFineWs,PermWs,OmWs,WtDepWs","-0.587018439163812,-0.509960448017117,-0.41396043220587,0.411637679161765,-0.333612962767052,0.264361427572103","-0.355674674827376,0.27501392562023,-0.257423485154647,0.230529023817745,0.220843474294442,0.212993583654323"
"49","DUE",3,"pc","fixed_factors","May Jun Jul Aug",1125,9282,8.25066666666667,11696.6090105171,25643.2180210341,0.82760258384731,0.967525071292239,0.99186595343372,8,1,0,"0 ","WtDepWs,PctAlluvCoastWs,PctCrop2011Ws,RckDepWs,ElevWs,OmWs","RunoffWs,PctIce2011Ws,BFIWs,PctAlluvCoastWs,RckDepWs,WtDepWs","WtDepWs,RunoffWs,BFIWs,PctAlluvCoastWs,PctIce2011Ws,RckDepWs",NA,"-0.654136205222776,0.5068924626131,0.472636359050911,0.370581623816512,-0.355875434855609,0.327306109971473","0.632935532594953,-0.49483858600333,-0.316660494748486,0.231621239156272,0.20545420838578,-0.19843807705859","0.679794622309995,-0.524701390919589,0.469301416442452,-0.457328907234849,0.404786067465596,-0.391829603946302",NA,"RunoffWs,PctGlacLakeFineWs,OmWs,BFIWs,WsAreaSqKm,PctAlluvCoastWs",NA,"-0.337300680143428,-0.316403121032428,0.228518515347975,0.191841433659057,-0.1587503106613,-0.143622630987797",NA
"50","DUE",3,"at","fixed_factors","May Jun Jul Aug",1125,9282,8.25066666666667,11557.441830628,25364.8836612561,0.843992154264546,0.967366323881682,0.991674513098011,8,1,0,"0 ","WtDepWs,PctAlluvCoastWs,RckDepWs,RunoffWs,ElevWs,BFIWs","RunoffWs,PctIce2011Ws,PctAlluvCoastWs,BFIWs,WtDepWs,RckDepWs","PctCrop2011Ws,WtDepWs,OmWs,PctAlluvCoastWs,PctUrbHi2011WsRp100,PctUrbLo2011WsRp100",NA,"-0.757163235183695,0.561385175851148,0.443595084902965,0.403306407304026,-0.385525981955818,-0.343298428341004","0.650132424926288,-0.495037507452723,0.308378311187073,-0.300055621720301,-0.293439971535425,0.259162574662966","0.54083726249744,-0.418500605869694,0.353112355933621,0.328351525209686,0.226703484972468,0.22046683651362",NA,"RunoffWs,BFIWs,PctIce2011Ws,WtDepWs,ElevWs,PctGlacLakeFineWs",NA,"0.523740913885362,-0.443269730231937,-0.427719819068202,-0.419973369160444,-0.356834589732541,0.33861660132896",NA
"51","DUE",3,"atpc","fixed_factors","May Jun Jul Aug",1749,9282,5.30703259005146,11115.4775075207,25728.9550150413,0.92293050111333,0.968841291759224,0.990926571904093,21,2,0,"0 ","WtDepWs,PctAlluvCoastWs,RckDepWs,RunoffWs,PctIce2011Ws,ElevWs","PctIce2011Ws,RunoffWs,RckDepWs,WtDepWs,PctAlluvCoastWs,BFIWs","PctIce2011Ws,RckDepWs,WtDepWs,RdDensWsRp100,RunoffWs,PctAlluvCoastWs",NA,"-0.764278881987003,0.581539912158261,0.515284908249309,0.465992390615255,-0.396537757667861,-0.348683503874907","-0.552003371892963,0.500249143724418,0.386096236349638,-0.376499309816298,0.34880206106341,-0.136205424066432","0.64857984573244,-0.475601595205909,0.363496408452639,-0.269047641751602,-0.243460561228841,-0.242608710894058",NA,"PctIce2011Ws,RunoffWs,PctGlacLakeFineWs,WtDepWs,BFIWs,RckDepWs","PctUrbHi2011WsRp100,PctAlluvCoastWs,PopDen2010Ws,PctUrbMd2011WsRp100,PctImp2006WsRp100,WtDepWs","-0.519026470512675,0.480275425645532,0.38192757310816,-0.361758095170551,-0.334805930179973,0.321220841621193","-0.299910906938934,-0.250147607618329,-0.249685312841747,-0.233672441633291,-0.216533282671719,0.201609301136482"
"52","DUE",3,"atpcsn","fixed_factors","May Jun Jul Aug",2373,9282,3.91150442477876,10574.1338041567,25894.2676083135,0.936582775352978,0.974030157384004,0.992600834518311,4772,1601,0,"0 ","WtDepWs,PctAlluvCoastWs,RckDepWs,RunoffWs,PctIce2011Ws,ElevWs","PctIce2011Ws,RckDepWs,WtDepWs,PctAlluvCoastWs,RunoffWs,RdDensWsRp100","PctIce2011Ws,RckDepWs,WtDepWs,RunoffWs,PctAlluvCoastWs,RdDensWsRp100",NA,"-0.761935693643486,0.573949337806081,0.509655743120477,0.468970213477661,-0.394277243463482,-0.341647030121095","0.618777850288818,-0.528038631600415,0.407066691621816,-0.299412233262815,-0.287003198652287,-0.213946856805414","-0.621949341527271,0.452048151107663,-0.425904697446088,0.412740030880799,0.39293490021552,0.216123622219352",NA,"PctIce2011Ws,RunoffWs,BFIWs,WtDepWs,ElevWs,PctGlacLakeFineWs","PctGlacLakeFineWs,PermWs,PctIce2011Ws,OmWs,BFIWs,RdDensWsRp100","-0.546744333583606,0.497587058013627,-0.482249812856095,-0.380107447019857,-0.284827852129804,0.284133337150531","-0.264504490431853,0.195107006823076,-0.176253078647382,0.148552396113479,0.144694596878368,0.127638268161471"
"53","DUE",3,"pc","fourier","May Jun Jul Aug",885,9282,10.4881355932203,12052.9770040455,25875.9540080911,0.829577108044906,0.959112234286926,0.992551508054558,8,1,0,"0 ","WtDepWs,PctAlluvCoastWs,RckDepWs,PctCrop2011Ws,ElevWs,PctUrbLo2011WsRp100","RunoffWs,PctIce2011Ws,BFIWs,PctAlluvCoastWs,WtDepWs,RckDepWs","WtDepWs,RunoffWs,PctAlluvCoastWs,BFIWs,ElevWs,PctIce2011Ws",NA,"-0.73536333669081,0.554975979024675,0.448493132913659,0.410764778681184,-0.406121800224301,0.341923159767774","0.624062989717247,-0.389974064085178,-0.329105842755102,0.281736315848911,-0.186674707912247,0.17666886115581","0.69774492404987,-0.475724393951284,-0.474785445716611,0.445023684971383,0.413029673256492,0.391305486755623",NA,"RunoffWs,PctIce2011Ws,WtDepWs,PctAlluvCoastWs,ElevWs,BFIWs",NA,"-0.515493493863736,0.467640977171544,0.416833331500207,-0.393834773428777,0.374624491883109,0.329918469432086",NA
"54","DUE",3,"at","fourier","May Jun Jul Aug",885,9282,10.4881355932203,11820.5619455486,25411.1238910972,0.857967600162515,0.961485513658066,0.991817972086662,8,1,0,"0 ","WtDepWs,PctAlluvCoastWs,RckDepWs,RunoffWs,ElevWs,PctIce2011Ws","RunoffWs,PctIce2011Ws,PctAlluvCoastWs,WtDepWs,BFIWs,RckDepWs","PctCrop2011Ws,OmWs,WtDepWs,PctUrbHi2011WsRp100,PopDen2010Ws,PctUrbLo2011WsRp100",NA,"-0.769098659215957,0.571851416352562,0.455472525362851,0.439239106215481,-0.40306868077797,-0.373275767088867","0.632899488938551,-0.437679563525124,0.360798797173549,-0.32840753966755,-0.282816034791298,0.280638057373225","0.427074096856182,0.332946655241525,-0.323905645106418,0.271595992566679,0.269042275990483,0.268415036096548",NA,"PctIce2011Ws,RunoffWs,ElevWs,PctAlluvCoastWs,WtDepWs,BFIWs",NA,"-0.48604148517935,0.484206764573185,-0.466468932779357,0.461695452748864,-0.440619926690533,-0.407228408992235",NA
"55","DUE",3,"atpc","fourier","May Jun Jul Aug",1509,9282,6.15109343936382,11398.8361565147,25815.6723130293,0.907939962089986,0.962920494267267,0.991174183586657,21,2,0,"0 ","WtDepWs,PctAlluvCoastWs,RckDepWs,RunoffWs,PctIce2011Ws,ElevWs","RunoffWs,PctIce2011Ws,PctAlluvCoastWs,WtDepWs,RckDepWs,BFIWs","PctIce2011Ws,RunoffWs,RckDepWs,PctCrop2011Ws,WtDepWs,PctAlluvCoastWs",NA,"-0.762868413130848,0.579478204189236,0.493408385765541,0.476276274214674,-0.393172536511111,-0.357552469058231","0.544655822223271,-0.471404780055169,0.340174187321541,-0.311152425988389,0.310149536267838,-0.185637831501282","0.567722126337742,-0.342674547663342,-0.336287426259765,0.224362482510497,0.205575346211809,-0.181248841958021",NA,"PctIce2011Ws,RunoffWs,ElevWs,PctAlluvCoastWs,WtDepWs,BFIWs","PctUrbHi2011WsRp100,PctAlluvCoastWs,PctUrbMd2011WsRp100,PopDen2010Ws,PctImp2006WsRp100,WtDepWs","-0.584102131159704,0.504008608127764,-0.40007078768307,0.376681871927953,-0.372734015884453,-0.371270195421985","-0.383134850551336,-0.372559890718668,-0.334114399778938,-0.327894491095729,-0.318095549577099,0.295591730193678"
"56","DUE",3,"atpcsn","fourier","May Jun Jul Aug",2133,9282,4.35161744022504,10825.1298773054,25916.2597546108,0.928865809565858,0.968296847221819,0.992451518802262,4316,1515,0,"0 ","WtDepWs,PctAlluvCoastWs,RunoffWs,RckDepWs,PctIce2011Ws,BFIWs","PctIce2011Ws,RckDepWs,WtDepWs,RunoffWs,PctAlluvCoastWs,RdDensWsRp100","PctIce2011Ws,RunoffWs,RckDepWs,WtDepWs,PctAlluvCoastWs,RdDensWsRp100",NA,"-0.751860867353414,0.580205771433938,0.499421372724139,0.496089338969663,-0.402377573381642,-0.345689948434851","0.581406627761477,-0.462314711781675,0.339672872551837,-0.301500112194125,-0.279099741992496,-0.205421733228348","-0.577861747344949,0.440328421383488,0.412185953420235,-0.412076388863757,0.397619818070392,0.19626611321223",NA,"PctIce2011Ws,BFIWs,RunoffWs,WtDepWs,ElevWs,PctGlacLakeFineWs","PctGlacLakeFineWs,PctIce2011Ws,PermWs,BFIWs,RdDensWsRp100,OmWs","-0.647114224486213,-0.544846785880966,0.539654760266031,-0.491353271609948,-0.415943349884688,0.304680001956398","-0.240024963546697,-0.231020629047656,0.213782762983665,0.19132505692545,0.183916274143839,0.173087088516818"
"57","DUE",4,"pc","fixed_factors","May Jun Jul Aug",1146,9282,8.09947643979058,11529.2003522173,25350.4007044347,0.914785985229405,0.97113246544653,0.994641457481259,8,1,0,"0 ","WtDepWs,RckDepWs,PctAlluvCoastWs,ElevWs,PctUrbLo2011WsRp100,PctImp2006WsRp100","RunoffWs,PctIce2011Ws,WtDepWs,PctAlluvCoastWs,RckDepWs,BFIWs","RunoffWs,BFIWs,PermWs,WtDepWs,RdDensWsRp100,PctAlluvCoastWs","PctIce2011Ws,WtDepWs,RckDepWs,PctAlluvCoastWs,RunoffWs,RdDensWsRp100","-0.819316838272375,0.624436033781643,0.592288207998357,-0.471023229928205,0.465893416992816,0.425850226256118","0.670843823485512,-0.511305247981515,-0.400718631048013,0.378711209431607,0.339900726555693,-0.31845862077373","-0.642488261753332,0.609454965145967,0.390907378755428,0.383450145487197,0.344974018981682,-0.217128186847828","0.649741272433818,0.565000021621531,-0.564366094656353,-0.29640724703605,-0.275328215435002,-0.211799584959064","PctGlacLakeFineWs,RunoffWs,OmWs,BFIWs,WsAreaSqKm,PctAlluvCoastWs",NA,"-0.370777147566115,-0.329326663383827,0.234568869788951,0.206226944558577,-0.127627999001001,-0.120852803579476",NA
"58","DUE",4,"at","fixed_factors","May Jun Jul Aug",1146,9282,8.09947643979058,11398.5330370009,25089.0660740018,0.899482582402416,0.969171793038758,0.992675229102981,21,2,0,"0 ","WtDepWs,RckDepWs,PctAlluvCoastWs,PctUrbLo2011WsRp100,ElevWs,PctIce2011Ws","RunoffWs,PctIce2011Ws,WtDepWs,PctAlluvCoastWs,RckDepWs,BFIWs","PctIce2011Ws,RckDepWs,WtDepWs,RdDensWsRp100,PctUrbOp2011WsRp100,PctUrbLo2011WsRp100","RunoffWs,BFIWs,WtDepWs,PermWs,RdDensWsRp100,PctAlluvCoastWs","-0.821450223394576,0.650085886085823,0.579017896686967,0.47061153912224,-0.463703882748002,-0.438094788912842","0.660014008604889,-0.521611197582177,-0.478133588769599,0.430971535728986,0.378068373295918,-0.321319936703431","0.745293586810662,-0.60573955537982,0.562328253989915,-0.437403462043492,-0.33598891728466,-0.308489132575816","0.664269847714303,-0.631446261461658,-0.40676708626562,-0.384184142507645,-0.328128127866134,0.268540438245769","PctIce2011Ws,WtDepWs,RunoffWs,RckDepWs,ElevWs,PctAlluvCoastWs",NA,"-0.558711181153323,-0.552928723220361,0.425702376656619,0.419169501521242,-0.406499395526117,0.398527094923376",NA
"59","DUE",4,"atpc","fixed_factors","May Jun Jul Aug",1770,9282,5.24406779661017,10953.9415008773,25447.8830017546,0.91246333456691,0.972747356447653,0.993256319999062,7,1,0,"0 ","WtDepWs,RckDepWs,PctAlluvCoastWs,PctUrbLo2011WsRp100,ElevWs,PctUrbOp2011WsRp100","RunoffWs,PctIce2011Ws,WtDepWs,PctAlluvCoastWs,RckDepWs,BFIWs","PctIce2011Ws,RckDepWs,WtDepWs,RdDensWsRp100,PermWs,PctUrbOp2011WsRp100","RunoffWs,BFIWs,WtDepWs,PermWs,RdDensWsRp100,PctAlluvCoastWs","-0.807156223443038,0.663181626493282,0.550585738940366,0.513341132853372,-0.498615135402568,0.4970331501185","0.680002976194209,-0.510199540679696,-0.497133727443228,0.43496776604617,0.387273014402124,-0.338561569735473","0.716039197215985,-0.532784531040967,0.425901657843997,-0.424177829541062,-0.305695635517874,-0.276173747406154","-0.586375746469145,0.565229836752649,0.399504901330605,0.377598999629973,0.360557560521914,-0.277819100242975","PctIce2011Ws,PctGlacLakeFineWs,RckDepWs,WtDepWs,ElevWs,RdDensWsRp100","WtDepWs,PctAlluvCoastWs,PctGlacLakeFineWs,PermWs,RunoffWs,WsAreaSqKm","-0.599392572297095,0.486688994801913,0.446409979609756,-0.44599742649811,-0.378502987746363,0.313542820620517","0.243267086532559,-0.211783162855854,-0.202407693944464,0.200980998196319,-0.198526711190437,-0.156206701079014"
"60","DUE",4,"atpcsn","fixed_factors","May Jun Jul Aug",2394,9282,3.87719298245614,10426.2019790724,25640.4039581447,0.936954406534721,0.976931484134114,0.995160429532676,4674,1382,0,"0 ","WtDepWs,RckDepWs,PctAlluvCoastWs,PctUrbLo2011WsRp100,PctUrbOp2011WsRp100,PctImp2006WsRp100","RunoffWs,PctIce2011Ws,WtDepWs,PctAlluvCoastWs,RckDepWs,BFIWs","BFIWs,RunoffWs,WtDepWs,PermWs,RdDensWsRp100,PctAlluvCoastWs","PctIce2011Ws,RckDepWs,WtDepWs,PctAlluvCoastWs,RdDensWsRp100,RunoffWs","-0.773155370459994,0.656913088035608,0.545794719488738,0.496592302540738,0.465206865327453,0.461775230702898","0.659670361227268,-0.5467368036476,-0.545360413497299,0.459532155568791,0.421236914753351,-0.364587692859245","-0.564437891089044,0.522112749431931,-0.430266729564264,-0.379591494748135,-0.349073119256359,0.257722427649566","0.625107190005691,-0.607421376087816,0.525516637425481,-0.332841478213634,-0.273197519657878,-0.229598247330517","PctIce2011Ws,WtDepWs,PctGlacLakeFineWs,RckDepWs,RunoffWs,ElevWs","PctGlacLakeFineWs,OmWs,PermWs,PctIce2011Ws,BFIWs,PctUrbHi2011WsRp100","-0.541395034874552,-0.438804660375205,0.404920459141215,0.395109367489203,0.325522481429416,-0.296567865248116","-0.225065150466947,0.14310485755628,0.141229602601445,-0.138087515928408,0.134822763768639,-0.119606814761139"
"61","DUE",4,"pc","fourier","May Jun Jul Aug",906,9282,10.2450331125828,11905.9518501,25623.9037002001,0.914975568351662,0.965410414160432,0.992500959643613,8,1,0,"0 ","WtDepWs,RckDepWs,PctAlluvCoastWs,PctIce2011Ws,ElevWs,PctUrbLo2011WsRp100","RunoffWs,PctIce2011Ws,BFIWs,PctAlluvCoastWs,WtDepWs,RckDepWs","WtDepWs,RckDepWs,PctIce2011Ws,RdDensWsRp100,PctAlluvCoastWs,PctUrbLo2011WsRp100","BFIWs,RunoffWs,WtDepWs,ElevWs,PctAlluvCoastWs,PermWs","-0.830977980359195,0.639064207959201,0.617666882402407,-0.448509417165897,-0.416891798808004,0.388048716363806","0.645806104261937,-0.391054916671597,-0.33154580213027,0.298937426569517,-0.217146752983754,0.197460035588687","0.630935444455124,-0.621539098505946,0.59439238478767,-0.368005061038677,-0.326322393997909,-0.306556430470484","-0.570195035678238,0.522151680234018,-0.455638155697889,-0.30417556650175,0.257794679860926,-0.240486292542722","RunoffWs,PctIce2011Ws,WtDepWs,PctAlluvCoastWs,ElevWs,BFIWs",NA,"-0.517028689835546,0.461582738231914,0.412513649092188,-0.395004450601262,0.376564178217145,0.321167409280186",NA
"62","DUE",4,"at","fourier","May Jun Jul Aug",906,9282,10.2450331125828,11678.9793336169,25169.9586672338,0.905172077139174,0.968814890933273,0.992090917318758,27,3,0,"0 ","WtDepWs,RckDepWs,PctAlluvCoastWs,PctIce2011Ws,PctUrbLo2011WsRp100,ElevWs","RunoffWs,PctIce2011Ws,PctAlluvCoastWs,WtDepWs,RckDepWs,BFIWs","PctIce2011Ws,WtDepWs,RckDepWs,PctAlluvCoastWs,RdDensWsRp100,RunoffWs","RunoffWs,BFIWs,WtDepWs,PermWs,PctAlluvCoastWs,RdDensWsRp100","-0.84662359008165,0.655168377380982,0.59904427813686,-0.481503093113398,0.448741436306716,-0.447556111653983","0.64696874441779,-0.44745202199128,0.395121648252209,-0.382453815291002,0.315267600927549,-0.294087004544666","0.705907638251131,0.582677220354254,-0.582238433716839,-0.374455723363003,-0.321355097337831,-0.302632041656033","0.650743989888127,-0.624647031828922,-0.436613361274543,-0.336400546930509,0.291129876347338,-0.274860489107493","PctIce2011Ws,WtDepWs,PctAlluvCoastWs,ElevWs,RunoffWs,RckDepWs",NA,"-0.532014745232667,-0.501950283127648,0.501186473383767,-0.48874849274371,0.444317906467418,0.409982523321326",NA
"63","DUE",4,"atpc","fourier","May Jun Jul Aug",1530,9282,6.06666666666667,11255.0914265707,25570.1828531413,0.909329994750475,0.970489101985272,0.993448157037474,21,2,0,"0 ","WtDepWs,RckDepWs,PctAlluvCoastWs,PctIce2011Ws,ElevWs,PctUrbLo2011WsRp100","RunoffWs,PctIce2011Ws,PctAlluvCoastWs,WtDepWs,BFIWs,RckDepWs","PctIce2011Ws,RckDepWs,WtDepWs,RdDensWsRp100,PctAlluvCoastWs,PctUrbOp2011WsRp100","RunoffWs,BFIWs,WtDepWs,PermWs,RdDensWsRp100,PctAlluvCoastWs","-0.854775793133116,0.67330921026765,0.585820445903145,-0.500494735795229,-0.462014671406421,0.455352186275253","0.664182438397477,-0.448396342163938,0.389103058769047,-0.38468559440513,-0.31639271062037,0.309394993612095","0.731887158625216,-0.578439254396525,0.507229791718517,-0.434705469176099,-0.307331813893647,-0.299964729832919","0.580982159490358,-0.570780210160912,-0.42759853562435,-0.328287168993945,-0.298825721125093,0.296542768100077","PctIce2011Ws,ElevWs,PctAlluvCoastWs,WtDepWs,RckDepWs,RunoffWs","PctAlluvCoastWs,WtDepWs,BFIWs,PermWs,RunoffWs,PctIce2011Ws","-0.635243360937547,-0.478793700045173,0.447961771168607,-0.443433239777144,0.439095860013383,0.40615632939932","-0.248370422993168,0.213789725817969,0.211066557249663,0.205053920384812,-0.198873537146329,-0.144176893160331"
"64","DUE",4,"atpcsn","fourier","May Jun Jul Aug",2154,9282,4.3091922005571,10687.5898666444,25683.1797332887,0.936046644435474,0.97497060551625,0.995435771214277,4440,1521,0,"0 ","WtDepWs,RckDepWs,PctAlluvCoastWs,PctIce2011Ws,PctUrbLo2011WsRp100,PctImp2006WsRp100","RunoffWs,PctIce2011Ws,WtDepWs,PctAlluvCoastWs,RckDepWs,BFIWs","BFIWs,RunoffWs,WtDepWs,PermWs,RdDensWsRp100,PctAlluvCoastWs","RckDepWs,PctIce2011Ws,WtDepWs,PctAlluvCoastWs,RdDensWsRp100,PctUrbLo2011WsRp100","-0.815744591024874,0.670458778445822,0.57831847236916,-0.458644901521055,0.449521794449763,0.410250599135971","0.634109780174035,-0.527011990202353,-0.505112187697901,0.452189304417593,0.391881500586942,-0.331040038886512","-0.562380290706122,0.515868802687457,-0.443290640855333,-0.346766322753288,-0.308572548650832,0.280987176630745","-0.631806430102567,0.629213896338795,0.573201896674513,-0.382737681639347,-0.312846538175571,-0.227356521302582","PctIce2011Ws,WtDepWs,RckDepWs,RunoffWs,ElevWs,PctGlacLakeFineWs","PctGlacLakeFineWs,PctIce2011Ws,BFIWs,PermWs,WsAreaSqKm,OmWs","-0.627994330993177,-0.535168254519555,0.461717132010495,0.425797880493607,-0.402588879486797,0.402428164198682","-0.230383682408384,-0.174105476599022,0.161369730093013,0.146306430638715,0.128550737805921,0.127223642507038"
