"","R","m","cov","seasonality","nparams","ndatapts","n_p_ratio","NLL","AIC","min_R2","meidian_R2","max_R2","counts_func","counts_gradient","convergence","message","load_names1","load_names2","load_names3","load_names4","load_cors1","load_cors2","load_cors3","load_cors4","eff_names1","eff_names2","eff_cors1","eff_cors2"
"1","DE",1,"at","fixed_factors",1057,9282,8.78145695364238,12558.5049580874,27231.0099161747,0.818866503954762,0.957800473735008,0.979424791205369,7,1,0,"0 ","WtDepWs,RunoffWs,PctAlluvCoastWs,RckDepWs,PctIce2011Ws,BFIWs",NA,NA,NA,"-0.626960121617274,0.583629881922984,0.56227901411648,0.413535049572696,-0.397570537031487,-0.325920123838164",NA,NA,NA,"PctAlluvCoastWs,ElevWs,BFIWs,RunoffWs,PctGlacLakeFineWs,PctIce2011Ws",NA,"0.409862987257866,-0.404188525141337,-0.3938134394238,0.391766920957087,0.380288111084935,-0.34639512265494",NA
"2","DE",1,"pc","fixed_factors",1057,9282,8.78145695364238,12697.4909104316,27508.9818208633,0.814755547085647,0.956746612522085,0.979775406919212,45,6,0,"0 ","WtDepWs,RunoffWs,PctAlluvCoastWs,PctIce2011Ws,RckDepWs,BFIWs",NA,NA,NA,"-0.638236518100961,0.581574287287639,0.566309706851549,-0.448730975911713,0.434928466188995,-0.357610013887384",NA,NA,NA,"OmWs,RunoffWs,ElevWs,WsAreaSqKm,WtDepWs,PctUrbLo2011WsRp100",NA,"0.28738616697014,-0.261241183783658,-0.191998433270615,-0.161333142294375,-0.1505925353085,0.13291472237225",NA
"3","DE",1,"sn","fixed_factors",1057,9282,8.78145695364238,12793.6907071558,27701.3814143115,0.811236100050767,0.955261713636411,0.980156853220321,7,1,0,"0 ","WtDepWs,PctAlluvCoastWs,RunoffWs,PctIce2011Ws,RckDepWs,BFIWs",NA,NA,NA,"-0.646825486798491,0.561464620971013,0.54829802708428,-0.473505454471304,0.455423560102092,-0.349310263656926",NA,NA,NA,"PctUrbOp2011WsRp100,RdDensWsRp100,PopDen2010Ws,PctImp2006WsRp100,PctUrbLo2011WsRp100,PctUrbHi2011WsRp100",NA,"0.818165432263543,0.791492158529166,0.733146408613828,0.712870121822465,0.712374055448834,0.683104757489983",NA
"4","DE",1,"atpc","fixed_factors",1681,9282,5.52171326591315,12250.5144341406,27863.0288682811,0.826784746221238,0.960150204440432,0.981933740988628,20,2,0,"0 ","WtDepWs,RunoffWs,PctAlluvCoastWs,RckDepWs,PctIce2011Ws,BFIWs",NA,NA,NA,"-0.624695892409136,0.590061753282734,0.552989137945021,0.41684374278199,-0.401593489065183,-0.328596726881997",NA,NA,NA,"PctGlacLakeFineWs,RckDepWs,PctAlluvCoastWs,PctIce2011Ws,ElevWs,WtDepWs","RunoffWs,PctIce2011Ws,WtDepWs,BFIWs,PctAlluvCoastWs,PctGlacLakeFineWs","0.476435544352069,0.412168517415288,0.40955907696811,-0.376312410171461,-0.374279578514919,-0.313735126760695","-0.660829062639065,0.331948960561382,0.32931001465116,0.308436082989191,-0.307207778043098,0.200386871976231"
"5","DE",1,"atpcsn","fixed_factors",2305,9282,4.02689804772234,11948.736186306,28507.472372612,0.835783856136267,0.963580725522395,0.983714051743333,3532,1091,0,"0 ","WtDepWs,PctAlluvCoastWs,RunoffWs,RckDepWs,PctIce2011Ws,BFIWs",NA,NA,NA,"-0.670203708393018,0.567006068478789,0.53097163282561,0.468563136145246,-0.45410506928295,-0.292426879008862",NA,NA,NA,"PctGlacLakeFineWs,PctIce2011Ws,ElevWs,BFIWs,WtDepWs,RckDepWs","RunoffWs,PopDen2010Ws,PctUrbOp2011WsRp100,PctUrbHi2011WsRp100,PctGlacLakeFineWs,RdDensWsRp100","0.485261837662373,-0.483059448344728,-0.403915841459602,-0.368394388869517,-0.352949952159183,0.352347763858098","-0.638348513582849,0.348828756171953,0.345238187150821,0.341696423574452,0.327024048751452,0.301024974204653"
"6","DE",1,"atsn","fixed_factors",1681,9282,5.52171326591315,12234.775126818,27831.5502536359,0.828426477909159,0.960657856055085,0.981971451290167,2255,673,0,"0 ","WtDepWs,PctAlluvCoastWs,RunoffWs,RckDepWs,PctIce2011Ws,BFIWs",NA,NA,NA,"-0.672288327390432,0.573118127144575,0.524267301564376,0.4671062876602,-0.455596596674569,-0.295459111136683",NA,NA,NA,"BFIWs,PctGlacLakeFineWs,ElevWs,PctIce2011Ws,RunoffWs,WtDepWs","PctUrbOp2011WsRp100,RdDensWsRp100,PopDen2010Ws,PctImp2006WsRp100,PctUrbLo2011WsRp100,PctUrbHi2011WsRp100","-0.515558443116932,0.457867230666476,-0.436876707770323,-0.418030001862471,0.365936240444126,-0.35873404713223","0.793484429633412,0.772207746811935,0.709060780363229,0.68719887360477,0.675901477444764,0.67109357565389"
"7","DE",1,"at","fourier",817,9282,11.3610771113831,12992.5679614912,27619.1359229825,0.810594751586833,0.950617728595137,0.978475868724532,23,3,0,"0 ","RunoffWs,WtDepWs,PctAlluvCoastWs,PctIce2011Ws,RckDepWs,BFIWs",NA,NA,NA,"0.62024964990918,-0.579109960111597,0.554025900321465,-0.411065369281511,0.383481686050725,-0.339618239309104",NA,NA,NA,"PctIce2011Ws,RunoffWs,PctAlluvCoastWs,ElevWs,PctGlacLakeFineWs,WtDepWs",NA,"-0.430543577891627,0.399047591987339,0.393812402264339,-0.373777854115461,0.363631478201626,-0.346519973378381",NA
"8","DE",1,"pc","fourier",817,9282,11.3610771113831,13244.3784145783,28122.7568291566,0.804714636610893,0.947276005334371,0.978479418830442,7,1,0,"0 ","RunoffWs,PctAlluvCoastWs,WtDepWs,PctIce2011Ws,BFIWs,RckDepWs",NA,NA,NA,"0.615152246346276,0.504448473599904,-0.474519453163426,-0.415673878847933,-0.357172731883831,0.344927125420636",NA,NA,NA,"RunoffWs,PctAlluvCoastWs,BFIWs,WtDepWs,RdDensWsRp100,PctCrop2011Ws",NA,"0.535972361503373,0.353486983480781,-0.336270064737409,-0.202916569994323,-0.167815797368838,0.160789398239206",NA
"9","DE",1,"sn","fourier",817,9282,11.3610771113831,13229.2593516511,28092.5187033021,0.795304944116559,0.948667783275918,0.979654141835604,28,4,0,"0 ","RunoffWs,WtDepWs,PctAlluvCoastWs,PctIce2011Ws,RckDepWs,BFIWs",NA,NA,NA,"0.589909809868207,-0.567468796665813,0.527248185448503,-0.471645210408487,0.41054250219318,-0.354117085384244",NA,NA,NA,"RunoffWs,BFIWs,PctAlluvCoastWs,WtDepWs,PctIce2011Ws,ElevWs",NA,"-0.770035605844984,0.435527701444569,-0.40296421299735,0.363291162220683,0.322234551472186,0.202861464931251",NA
"10","DE",1,"atpc","fourier",1441,9282,6.44136016655101,12672.4540538204,28226.9081076408,0.818940672981668,0.952905311409624,0.980809405007242,8,1,0,"0 ","RunoffWs,WtDepWs,PctAlluvCoastWs,PctIce2011Ws,RckDepWs,BFIWs",NA,NA,NA,"0.622059485707785,-0.577362255106737,0.547275465812377,-0.412593484469249,0.385748433656002,-0.341301390914089",NA,NA,NA,"PctGlacLakeFineWs,PctIce2011Ws,ElevWs,PctAlluvCoastWs,RckDepWs,WtDepWs","RunoffWs,BFIWs,PctIce2011Ws,PctAlluvCoastWs,PctGlacLakeFineWs,WtDepWs","0.447386375633776,-0.390151260217319,-0.371464677431442,0.36434803019913,0.359300254243635,-0.287693045160247","-0.602455080208027,0.270003311217896,0.267118431055,-0.254144603709447,0.210497880484852,0.198227581543338"
"11","DE",1,"atpcsn","fourier",2065,9282,4.49491525423729,12307.7717943665,28745.5435887329,0.831130370328069,0.957527345175259,0.982479696455374,3114,1010,0,"0 ","WtDepWs,PctAlluvCoastWs,RunoffWs,PctIce2011Ws,RckDepWs,BFIWs",NA,NA,NA,"-0.648878495179997,0.570554422775766,0.562232497832228,-0.453567665544233,0.440968018206842,-0.307900196717381",NA,NA,NA,"PctIce2011Ws,PctAlluvCoastWs,WtDepWs,ElevWs,RunoffWs,PctGlacLakeFineWs","RunoffWs,PctUrbOp2011WsRp100,PctGlacLakeFineWs,PctUrbHi2011WsRp100,PopDen2010Ws,RdDensWsRp100","-0.468139701371953,0.460667388245226,-0.455497653659641,-0.444361291886807,0.409834336589499,0.403819546054422","-0.565860056367461,0.369290880716953,0.359660408711083,0.358478327289528,0.358217882050018,0.32693378909159"
"12","DE",1,"atsn","fourier",1441,9282,6.44136016655101,12590.7945713249,28063.5891426498,0.823801636581693,0.955109778940233,0.981187430583008,2061,633,0,"0 ","WtDepWs,PctAlluvCoastWs,RunoffWs,PctIce2011Ws,RckDepWs,BFIWs",NA,NA,NA,"-0.650639464581238,0.572023556417394,0.555953143075395,-0.458847796701981,0.442170550440417,-0.311271640013112",NA,NA,NA,"BFIWs,ElevWs,PctGlacLakeFineWs,RunoffWs,WtDepWs,PctIce2011Ws","RdDensWsRp100,PctUrbMd2011WsRp100,PctUrbHi2011WsRp100,PctImp2006WsRp100,PopDen2010Ws,PctUrbLo2011WsRp100","-0.535576641287115,-0.430821581554924,0.403850164409536,0.40074263484069,-0.369639873800706,-0.350892126891069","0.6101243227461,0.579064361960649,0.56713115452883,0.558434325780352,0.546977783191531,0.532759217741729"
"13","DE",2,"at","fixed_factors",1080,9282,8.59444444444444,12246.1657699679,26652.3315399357,0.889297235643229,0.957980266803491,0.981493660721589,18,1,0,"0 ","WtDepWs,PctAlluvCoastWs,RunoffWs,RckDepWs,PctIce2011Ws,BFIWs","WtDepWs,PctIce2011Ws,RckDepWs,PctAlluvCoastWs,PctUrbLo2011WsRp100,RdDensWsRp100",NA,NA,"-0.712787829500344,0.564971088636132,0.52454760058717,0.507279691096091,-0.496806596862781,-0.275827879802987","0.713951865284082,0.573055643147463,-0.515955147518875,-0.367123209798035,-0.332884363650171,-0.320478730533587",NA,NA,"WtDepWs,PctAlluvCoastWs,PctIce2011Ws,RunoffWs,ElevWs,RckDepWs",NA,"-0.508822043062172,0.507658701735837,-0.455892582833531,0.444873522024174,-0.423472410366173,0.417031890053073",NA
"14","DE",2,"pc","fixed_factors",1080,9282,8.59444444444444,12362.2160197704,26884.4320395408,0.888217341443463,0.95691709038301,0.98138095437253,7,1,0,"0 ","WtDepWs,PctAlluvCoastWs,PctIce2011Ws,RunoffWs,RckDepWs,BFIWs","WtDepWs,PctIce2011Ws,RckDepWs,RdDensWsRp100,PctUrbLo2011WsRp100,PctImp2006WsRp100",NA,NA,"-0.72155154090806,0.569004798164271,-0.530031195549654,0.521304056623554,0.516485102122879,-0.2850488587834","0.503687986613131,0.412945730734511,-0.358813073015453,-0.266417992250554,-0.225083428870099,-0.206307923057881",NA,NA,"RunoffWs,PctIce2011Ws,PctAlluvCoastWs,RckDepWs,WsAreaSqKm,OmWs",NA,"-0.350201445688332,0.330777146252946,-0.216942949100093,-0.214913003391938,-0.19328380740213,0.17077712771396",NA
"15","DE",2,"sn","fixed_factors",1080,9282,8.59444444444444,12482.7092835182,27125.4185670364,0.886118445515415,0.955485583268768,0.981105043787613,6,1,0,"0 ","WtDepWs,PctAlluvCoastWs,PctIce2011Ws,RckDepWs,RunoffWs,ElevWs","WtDepWs,PctIce2011Ws,RckDepWs,PctAlluvCoastWs,RdDensWsRp100,PctUrbLo2011WsRp100",NA,NA,"-0.740510774792041,0.572086249569498,-0.554059637384749,0.54612181211572,0.486438359637861,-0.322297777675742","0.645502078601619,0.470508769153539,-0.463944937449471,-0.296532314319324,-0.277582968345996,-0.272108751579111",NA,NA,"PctUrbOp2011WsRp100,RdDensWsRp100,RunoffWs,PopDen2010Ws,PermWs,PctImp2006WsRp100",NA,"0.748299034997182,0.713607923727939,-0.700868277913353,0.657476594665833,0.631268120242014,0.622036981037312",NA
"16","DE",2,"atpc","fixed_factors",1704,9282,5.44718309859155,11928.572317492,27265.1446349839,0.896565326747205,0.960320937387467,0.982589210867785,2385,543,0,"0 ","WtDepWs,PctAlluvCoastWs,RunoffWs,RckDepWs,PctIce2011Ws,BFIWs","WtDepWs,PctIce2011Ws,RckDepWs,PctAlluvCoastWs,RdDensWsRp100,PctUrbLo2011WsRp100",NA,NA,"-0.705425846465511,0.557123231344939,0.525612967865878,0.509550475190958,-0.498725875751421,-0.270516294490016","0.704695482112817,0.5856253376893,-0.520515349873174,-0.369014197827784,-0.32460204941006,-0.319621396847721",NA,NA,"PctAlluvCoastWs,RckDepWs,PctIce2011Ws,WtDepWs,PctGlacLakeFineWs,ElevWs","RunoffWs,PctIce2011Ws,WtDepWs,PctAlluvCoastWs,BFIWs,RckDepWs","0.50040893026837,0.493451757727194,-0.484498225900414,-0.481886420673261,0.400928570769716,-0.397576886857376","-0.658358663805069,0.353358881536128,0.332490899592833,-0.308317775206974,0.299345257175217,-0.230930475029962"
"17","DE",2,"atpcsn","fixed_factors",2328,9282,3.98711340206186,11616.5100149321,27889.0200298642,0.905072565220987,0.963827960684106,0.984018803892265,4042,1193,0,"0 ","WtDepWs,PctAlluvCoastWs,RckDepWs,PctIce2011Ws,RunoffWs,ElevWs","WtDepWs,PctIce2011Ws,RckDepWs,PctAlluvCoastWs,RunoffWs,PctUrbLo2011WsRp100",NA,NA,"-0.726557513458971,0.5644279546119,0.541161033999971,-0.526030126253104,0.488029813912515,-0.272474953797209","0.690310658108732,0.559274895427504,-0.492830866649015,-0.377214981825835,-0.275446090960558,-0.249679782889316",NA,NA,"PctIce2011Ws,PctGlacLakeFineWs,RunoffWs,BFIWs,ElevWs,WtDepWs","RunoffWs,PopDen2010Ws,PctUrbHi2011WsRp100,PctUrbOp2011WsRp100,PctGlacLakeFineWs,RdDensWsRp100","-0.453005179878143,0.400920181349994,0.380962643725124,-0.369446911997127,-0.368114531887433,-0.367110905063535","-0.624556401472533,0.334736595217575,0.327882240162542,0.319746733887057,0.288815053526138,0.271236619517457"
"18","DE",2,"atsn","fixed_factors",1704,9282,5.44718309859155,11917.830312911,27243.660625822,0.899979617438395,0.960902003675784,0.982402024370715,2898,854,0,"0 ","WtDepWs,PctAlluvCoastWs,RckDepWs,PctIce2011Ws,RunoffWs,ElevWs","WtDepWs,PctIce2011Ws,RckDepWs,PctAlluvCoastWs,RunoffWs,PctUrbLo2011WsRp100",NA,NA,"-0.732374151519406,0.570989507100634,0.543113683513751,-0.535271318009493,0.485252129414383,-0.282426819134401","0.693327730093808,0.572345897000366,-0.501700159126208,-0.38902106305393,-0.284582178420045,-0.249421335820209",NA,NA,"BFIWs,WtDepWs,PctIce2011Ws,ElevWs,RunoffWs,PctGlacLakeFineWs","RunoffWs,PctUrbOp2011WsRp100,RdDensWsRp100,PopDen2010Ws,PctImp2006WsRp100,PctUrbHi2011WsRp100","-0.48021798479192,-0.459614983378987,-0.456198528760217,-0.424102498481418,0.421563000431569,0.37659264345658","-0.719507964574396,0.700938210493216,0.670953571508025,0.618759486414012,0.579868068004099,0.572717070800373"
"19","DE",2,"at","fourier",840,9282,11.05,12721.3166842223,27122.6333684446,0.885197073453521,0.951303290025151,0.981147380478176,8,1,0,"0 ","WtDepWs,RunoffWs,PctAlluvCoastWs,PctIce2011Ws,RckDepWs,BFIWs","WtDepWs,PctIce2011Ws,RckDepWs,PctAlluvCoastWs,RunoffWs,PctUrbLo2011WsRp100",NA,NA,"-0.652121114308997,0.584487115258373,0.556344587582951,-0.500963514377373,0.46116003663125,-0.306334090975226","0.686008507172653,0.619061717888435,-0.49765650996172,-0.373614290293321,-0.302037092854453,-0.299710790250474",NA,NA,"PctIce2011Ws,PctAlluvCoastWs,WtDepWs,RunoffWs,RckDepWs,ElevWs",NA,"-0.495745559781533,0.453289762901976,-0.452335139135037,0.444018545449691,0.389834885900444,-0.373145498817273",NA
"20","DE",2,"pc","fourier",840,9282,11.05,12969.9975492356,27619.9950984712,0.877197978170096,0.947315225619583,0.980751374688396,8,1,0,"0 ","RunoffWs,WtDepWs,PctAlluvCoastWs,PctIce2011Ws,RckDepWs,BFIWs","RunoffWs,BFIWs,WtDepWs,PctGlacLakeFineWs,RdDensWsRp100,PctUrbLo2011WsRp100",NA,NA,"0.593442887102222,-0.58638489876826,0.531362793905905,-0.498734071280992,0.428086135874002,-0.323930484672548","0.342038533984283,-0.26106733110309,0.218402785155497,0.195645400814885,-0.17931180502798,-0.161125162192976",NA,NA,"RunoffWs,BFIWs,PctAlluvCoastWs,RdDensWsRp100,PctCrop2011Ws,PctUrbOp2011WsRp100",NA,"0.475536748166925,-0.323891491282626,0.250336402196372,-0.243944900680979,0.158850404804345,-0.157886907108489",NA
"21","DE",2,"sn","fourier",840,9282,11.05,12963.2857681349,27606.5715362698,0.88265987648096,0.948685881042606,0.98029322827067,7,1,0,"0 ","WtDepWs,RunoffWs,PctAlluvCoastWs,PctIce2011Ws,RckDepWs,BFIWs","WtDepWs,PctIce2011Ws,RckDepWs,RdDensWsRp100,WsAreaSqKm,PctUrbLo2011WsRp100",NA,NA,"-0.644382820675201,0.555434397859578,0.539210511334619,-0.536359166223103,0.482579998462968,-0.305644644547565","0.529507325957177,0.405584214026148,-0.382999934395456,-0.222920372413952,-0.216556948960105,-0.200076063428413",NA,NA,"RunoffWs,BFIWs,PctAlluvCoastWs,WtDepWs,PctIce2011Ws,ElevWs",NA,"-0.770286822073805,0.431946994885745,-0.411081341697304,0.379877901778971,0.331531905857373,0.202300759921188",NA
"22","DE",2,"atpc","fourier",1464,9282,6.34016393442623,12388.3116779861,27704.6233559723,0.891176719082006,0.953614459177023,0.982637070186901,83,13,0,"0 ","WtDepWs,RunoffWs,PctAlluvCoastWs,PctIce2011Ws,RckDepWs,BFIWs","WtDepWs,PctIce2011Ws,RckDepWs,PctAlluvCoastWs,RunoffWs,PctUrbLo2011WsRp100",NA,NA,"-0.651019000146469,0.58255230415742,0.551755288782157,-0.503988806261078,0.465866351519541,-0.303832643728575","0.689126883425203,0.630416466113655,-0.50353969142647,-0.380142142010697,-0.303433554965557,-0.294862755227282",NA,NA,"PctIce2011Ws,PctAlluvCoastWs,WtDepWs,RckDepWs,ElevWs,PctGlacLakeFineWs","RunoffWs,PctIce2011Ws,PctAlluvCoastWs,BFIWs,WtDepWs,RckDepWs","-0.478189191060173,0.431428573467942,-0.415481059323064,0.414073517449781,-0.381327011237705,0.380166354799819","-0.594875171134945,0.301694254190911,-0.275885873475915,0.255927452184102,0.228329089959941,-0.179529955664316"
"23","DE",2,"atpcsn","fourier",2088,9282,4.44540229885058,12012.2771150763,28200.5542301527,0.901617240491946,0.957962387706992,0.983047056628325,3796,1250,0,"0 ","WtDepWs,PctAlluvCoastWs,RunoffWs,PctIce2011Ws,RckDepWs,ElevWs","WtDepWs,PctIce2011Ws,RckDepWs,PctAlluvCoastWs,RunoffWs,RdDensWsRp100",NA,NA,"-0.699713558893521,0.565130956667055,0.529916683010969,-0.526922770461119,0.508552216332281,-0.287342704467551","0.669995649143723,0.598114660743634,-0.48501762231178,-0.370869728831202,-0.342148316048014,-0.230050088415191",NA,NA,"WtDepWs,PctAlluvCoastWs,PctIce2011Ws,RunoffWs,RckDepWs,ElevWs","RunoffWs,PctUrbOp2011WsRp100,PctUrbHi2011WsRp100,PopDen2010Ws,PctGlacLakeFineWs,ElevWs","-0.520704373535243,0.500237862979785,-0.495789763143593,0.459728541710435,0.424713582043906,-0.410342649827794","-0.547150349585349,0.369190065359878,0.357893055467631,0.357598429797663,0.350747455158829,-0.329621443535746"
"24","DE",2,"atsn","fourier",1464,9282,6.34016393442623,12306.9431353378,27541.8862706757,0.897342740633092,0.955612133597806,0.981790773676664,2593,862,0,"0 ","WtDepWs,PctAlluvCoastWs,PctIce2011Ws,RunoffWs,RckDepWs,ElevWs","WtDepWs,PctIce2011Ws,RckDepWs,PctAlluvCoastWs,RunoffWs,RdDensWsRp100",NA,NA,"-0.70044380980191,0.566291419832044,-0.535106283678377,0.530175195211193,0.508790405923701,-0.294175328411563","0.65082150581614,0.599283666956397,-0.479243044502586,-0.363854980414303,-0.360790143911579,-0.215198279501206",NA,NA,"WtDepWs,BFIWs,RunoffWs,PctIce2011Ws,PctAlluvCoastWs,ElevWs","RdDensWsRp100,PctUrbMd2011WsRp100,PctUrbHi2011WsRp100,PctImp2006WsRp100,PopDen2010Ws,PctUrbLo2011WsRp100","-0.52801470092341,-0.488310474036802,0.483529236598534,-0.461409951952545,0.458323227202459,-0.411896029177973","0.600662332581394,0.534637190140515,0.52541210344594,0.515561539609022,0.507883813656228,0.487716095076918"
"25","DE",3,"at","fixed_factors",1102,9282,8.42286751361162,12092.86059314,26389.7211862799,0.892663179280691,0.962351494411991,0.986449752739093,33,2,0,"0 ","WtDepWs,PctAlluvCoastWs,RckDepWs,ElevWs,PctIce2011Ws,PctUrbLo2011WsRp100","RunoffWs,PctIce2011Ws,PctAlluvCoastWs,WtDepWs,BFIWs,RckDepWs","RunoffWs,PctIce2011Ws,WtDepWs,RckDepWs,PctAlluvCoastWs,PctCrop2011Ws",NA,"-0.846634593892167,0.616574559996653,0.600165265736253,-0.464488995124218,-0.427100609282026,0.412531028372443","0.697900238057229,-0.38830649816048,0.312597102657826,-0.309830840758535,-0.280666776892116,0.21917805254806","-0.529026538695551,0.485605418958853,0.3525838954125,-0.247917776254198,-0.202506054476063,0.178314133512286",NA,"WtDepWs,PctAlluvCoastWs,ElevWs,RckDepWs,PctIce2011Ws,BFIWs",NA,"-0.591008663890945,0.546283571736484,-0.517504343166051,0.469539878296675,-0.438577481085629,-0.358581868731391",NA
"26","DE",3,"pc","fixed_factors",1102,9282,8.42286751361162,12213.6906625133,26631.3813250266,0.889634468006693,0.962952935744893,0.984812271179053,21,2,0,"0 ","WtDepWs,PctAlluvCoastWs,RckDepWs,PctUrbLo2011WsRp100,ElevWs,PctImp2006WsRp100","RunoffWs,PctIce2011Ws,BFIWs,WtDepWs,PctAlluvCoastWs,RckDepWs","WtDepWs,PctIce2011Ws,RckDepWs,RunoffWs,PctAlluvCoastWs,WsAreaSqKm",NA,"-0.820102403765708,0.613524524469199,0.612454914217758,0.460430200389787,-0.452397716749504,0.420439291098618","0.751486795123576,-0.459632392345722,-0.395094977067565,-0.329756451264638,0.295661380473975,0.213658939313595","0.544543631168397,0.529345867060836,-0.369872674577497,-0.339472381648779,-0.238441816068636,-0.154741637346542",NA,"RunoffWs,PctIce2011Ws,PctAlluvCoastWs,RckDepWs,WsAreaSqKm,OmWs",NA,"-0.351693962944038,0.332372974099534,-0.222867808395494,-0.219366425295241,-0.1979107752991,0.16638920360662",NA
"27","DE",3,"sn","fixed_factors",1102,9282,8.42286751361162,12307.0975825329,26818.1951650659,0.893833913577865,0.959096981473206,0.985108980263461,20,2,0,"0 ","WtDepWs,PctAlluvCoastWs,PctIce2011Ws,RckDepWs,RunoffWs,ElevWs","WtDepWs,PctIce2011Ws,RckDepWs,PctAlluvCoastWs,RdDensWsRp100,PctUrbLo2011WsRp100","WtDepWs,BFIWs,RunoffWs,PctAlluvCoastWs,ElevWs,PctUrbLo2011WsRp100",NA,"-0.73837906913598,0.573953711887801,-0.567782642706086,0.552194465708037,0.472735408226616,-0.321242883140402","0.643737318427349,0.52673478298365,-0.491299690009816,-0.327604037902775,-0.295123857847558,-0.247223839936875","0.45462486752177,0.385461712299753,-0.342466495448168,-0.310910730198493,0.279620412770262,-0.234644485675628",NA,"PctUrbOp2011WsRp100,RunoffWs,RdDensWsRp100,PermWs,PopDen2010Ws,PctImp2006WsRp100",NA,"0.745597019229069,-0.730981154784081,0.728653183404684,0.651916686575016,0.646791922239979,0.609005554639528",NA
"28","DE",3,"atpc","fixed_factors",1726,9282,5.37775202780997,11772.4995458621,26996.9990917242,0.898115245419896,0.964732872465728,0.986755485013874,8,1,0,"0 ","WtDepWs,PctAlluvCoastWs,RckDepWs,PctIce2011Ws,ElevWs,PctUrbLo2011WsRp100","RunoffWs,BFIWs,PctIce2011Ws,PctUrbOp2011WsRp100,PopDen2010Ws,PctAlluvCoastWs","RunoffWs,PctIce2011Ws,WtDepWs,BFIWs,RckDepWs,PctCrop2011Ws",NA,"-0.83485020579541,0.623029423739236,0.619788517829838,-0.466889002604326,-0.401202483813266,0.36406128634614","0.758058342256477,-0.344695805046409,-0.336968900636758,-0.262067150208727,-0.256290676402312,0.252928897327965","-0.582110804265313,0.473146171291794,0.321772751025445,0.206054010606399,-0.202428698819763,0.194840993455177",NA,"WtDepWs,PctAlluvCoastWs,RckDepWs,ElevWs,PctUrbOp2011WsRp100,PctIce2011Ws","RunoffWs,PopDen2010Ws,PctUrbHi2011WsRp100,PctUrbOp2011WsRp100,BFIWs,PctImp2006WsRp100","-0.584808181468087,0.583404308200656,0.556543301851941,-0.539975527636932,0.470991229898639,-0.457620170617308","-0.716582690482136,0.467109327787884,0.436894426811972,0.429179184551878,0.409709056118359,0.404727644991231"
"29","DE",3,"atpcsn","fixed_factors",2350,9282,3.94978723404255,11459.8162841746,27619.6325683493,0.906199114172929,0.968185440946462,0.988066791886331,3845,1087,0,"0 ","WtDepWs,PctAlluvCoastWs,RckDepWs,ElevWs,PctUrbLo2011WsRp100,PctCrop2011Ws","RunoffWs,PctIce2011Ws,WtDepWs,BFIWs,PctAlluvCoastWs,RckDepWs","PctIce2011Ws,WtDepWs,RunoffWs,RckDepWs,PctAlluvCoastWs,RdDensWsRp100",NA,"-0.802238036097347,0.600137025987747,0.583523429005336,-0.414233564323501,0.41177088671111,0.393985948504028","0.675147349549041,-0.512267749846206,-0.337886644830376,-0.306552752227705,0.289935667575386,0.265045676742959","0.571809948823831,0.563707246492044,-0.42959496166713,-0.394520782367125,-0.312631953794882,-0.153536043707531",NA,"WtDepWs,ElevWs,PctGlacLakeFineWs,RckDepWs,PctAlluvCoastWs,PctIce2011Ws","RunoffWs,PopDen2010Ws,PctUrbHi2011WsRp100,PctUrbOp2011WsRp100,PctImp2006WsRp100,PctUrbLo2011WsRp100","-0.526088221516522,-0.495286025834095,0.45051814277029,0.432889977588475,0.42656776058222,-0.422932176508542","-0.660511328181863,0.500313234992805,0.491098023278109,0.468857972244458,0.440568567973347,0.438808714567708"
"30","DE",3,"atsn","fixed_factors",1726,9282,5.37775202780997,11761.3991092275,26974.7982184549,0.901164597457318,0.963976548783728,0.98643600492264,2587,744,0,"0 ","WtDepWs,PctAlluvCoastWs,RckDepWs,ElevWs,PctIce2011Ws,PctUrbLo2011WsRp100","RunoffWs,PctIce2011Ws,WtDepWs,RckDepWs,PctAlluvCoastWs,BFIWs","PctIce2011Ws,WtDepWs,RunoffWs,RckDepWs,PctAlluvCoastWs,RdDensWsRp100",NA,"-0.81325215427444,0.622573549760422,0.563990030983559,-0.431022953338966,-0.412493688225671,0.374136531927817","-0.53534919614338,0.532551248289881,0.448832761091384,-0.371726595888912,-0.367292833745426,0.173139070119056","0.564783740305011,0.466587306009693,-0.403736299500493,-0.365780163974638,-0.27411116543158,-0.147949860507771",NA,"WtDepWs,ElevWs,BFIWs,PctIce2011Ws,PctAlluvCoastWs,PctGlacLakeFineWs","RunoffWs,RdDensWsRp100,PctUrbOp2011WsRp100,PermWs,PopDen2010Ws,PctImp2006WsRp100","-0.517635313357399,-0.491651556332348,-0.473845829121396,-0.415014799495566,0.39954070918386,0.373243131597886","-0.723350883940261,0.686712056611956,0.673728977775079,0.584294727781083,0.57878094165795,0.534229113239364"
"31","DE",3,"at","fourier",862,9282,10.7679814385151,12524.4346857832,26772.8693715663,0.889366244146736,0.960567171486093,0.985176719649463,7,1,0,"0 ","WtDepWs,RckDepWs,PctAlluvCoastWs,ElevWs,PctUrbLo2011WsRp100,PctIce2011Ws","RunoffWs,BFIWs,PctIce2011Ws,PctAlluvCoastWs,WtDepWs,PctUrbOp2011WsRp100","PctIce2011Ws,WtDepWs,RunoffWs,RckDepWs,PctAlluvCoastWs,BFIWs",NA,"-0.857963368971225,0.613289575330829,0.594687046015216,-0.45482881383863,0.440369661939622,-0.421054966987511","0.74122141006851,-0.358389779265726,-0.357144958305039,0.313333593993055,-0.243077884041565,-0.169954826509562","0.57962587621055,0.566299675414845,-0.507712764145187,-0.396986119302631,-0.349195098448643,0.212301092635558",NA,"PctIce2011Ws,WtDepWs,PctAlluvCoastWs,RunoffWs,RckDepWs,ElevWs",NA,"-0.509186328421566,-0.485243795685222,0.459977930637164,0.43297800609274,0.41718301245093,-0.386547522462052",NA
"32","DE",3,"pc","fourier",862,9282,10.7679814385151,12758.1867351373,27240.3734702745,0.882528700534027,0.960910640975519,0.984170676344184,23,2,0,"0 ","WtDepWs,RckDepWs,PctAlluvCoastWs,PctUrbLo2011WsRp100,ElevWs,PctIce2011Ws","RunoffWs,BFIWs,PctIce2011Ws,PctAlluvCoastWs,OmWs,WtDepWs","WtDepWs,PctIce2011Ws,RckDepWs,PctAlluvCoastWs,PctUrbLo2011WsRp100,PctImp2006WsRp100",NA,"-0.839767764486206,0.605297588430373,0.604344411183139,0.41110680405624,-0.400508832362027,-0.395277549953047","0.699922286195886,-0.386514954530317,-0.351006330992884,0.258675942793704,-0.182386037599008,-0.153785604532699","0.691897064866194,0.4568912755157,-0.451882788161922,-0.304921948326344,-0.28990643522943,-0.25861692687489",NA,"RunoffWs,BFIWs,RdDensWsRp100,PctAlluvCoastWs,PctUrbHi2011WsRp100,PctUrbMd2011WsRp100",NA,"0.511335462491346,-0.337397990047788,-0.25226556721812,0.235831512827442,-0.184387853576674,-0.177250663746619",NA
"33","DE",3,"sn","fourier",862,9282,10.7679814385151,12783.7400611402,27291.4801222804,0.887719498743554,0.960538733557299,0.98521195489912,8,1,0,"0 ","WtDepWs,RckDepWs,PctAlluvCoastWs,ElevWs,PctUrbLo2011WsRp100,OmWs","RunoffWs,BFIWs,PctIce2011Ws,OmWs,PopDen2010Ws,PctUrbHi2011WsRp100","WtDepWs,RckDepWs,PctIce2011Ws,PctAlluvCoastWs,PctUrbLo2011WsRp100,RdDensWsRp100",NA,"-0.855041951821421,0.621769892415716,0.601016377919134,-0.461915434338761,0.442774406434926,0.41220951872348","0.693025369573303,-0.355829618426967,-0.338967926278318,-0.235096651511333,-0.186806506553027,-0.184418364095312","0.70442725705948,-0.505574978883553,0.449050985917205,-0.355206653678978,-0.289393678799746,-0.266987163877684",NA,"RunoffWs,PctAlluvCoastWs,BFIWs,WtDepWs,PctIce2011Ws,ElevWs",NA,"-0.766299394060624,-0.42759997446347,0.421137291499108,0.390192619243907,0.338551913587397,0.209993277794233",NA
"34","DE",3,"atpc","fourier",1486,9282,6.24629878869448,12195.4323909136,27362.8647818272,0.894197798360134,0.963381532120458,0.985340379632769,9,1,0,"0 ","WtDepWs,RckDepWs,PctAlluvCoastWs,PctIce2011Ws,PctUrbLo2011WsRp100,ElevWs","RunoffWs,BFIWs,PctIce2011Ws,PctAlluvCoastWs,WtDepWs,RckDepWs","WtDepWs,PctIce2011Ws,RckDepWs,PctAlluvCoastWs,PctUrbLo2011WsRp100,RdDensWsRp100",NA,"-0.84001372524295,0.628996491541977,0.595084926266776,-0.421710977141213,0.413183923498427,-0.394671278925911","0.756546314691802,-0.4022675140405,-0.383323385163367,0.33488881936976,-0.28995083125353,0.190605119646841","0.729025836726981,0.56014255910361,-0.529710261122326,-0.368042334164823,-0.352496298040165,-0.343592426473254",NA,"PctIce2011Ws,PctAlluvCoastWs,WtDepWs,RckDepWs,ElevWs,PctGlacLakeFineWs","RunoffWs,BFIWs,PopDen2010Ws,PctUrbOp2011WsRp100,PctUrbHi2011WsRp100,RdDensWsRp100","-0.504072371675687,0.483604698067327,-0.477133971872305,0.466294730930593,-0.433542917964032,0.371257621639695","-0.698772943424021,0.406469212083817,0.383047302919324,0.370639111698364,0.364970366758162,0.347353345355658"
"35","DE",3,"atpcsn","fourier",2110,9282,4.39905213270142,11847.3034852264,27914.6069704528,0.90575059665182,0.966973374796643,0.990005512695418,3963,1018,0,"0 ","WtDepWs,RckDepWs,PctAlluvCoastWs,PctCrop2011Ws,OmWs,PctIce2011Ws","RunoffWs,WtDepWs,PctIce2011Ws,PctAlluvCoastWs,BFIWs,RckDepWs","WtDepWs,RckDepWs,OmWs,RunoffWs,BFIWs,RdDensWsRp100",NA,"-0.697221474725857,0.559328497107247,0.512764578372855,0.398537774124578,0.353537823638436,-0.328657878406576","0.693443932569026,-0.535665476844839,-0.519110021091819,0.455505510230455,-0.423393522249783,0.369950222505297","0.460191464376675,-0.377715041450471,-0.325775832929637,0.311715645507276,-0.31166467299094,-0.300859863714019",NA,"WtDepWs,PctAlluvCoastWs,PctIce2011Ws,RckDepWs,ElevWs,RunoffWs","RunoffWs,PctUrbOp2011WsRp100,PctUrbHi2011WsRp100,PopDen2010Ws,RdDensWsRp100,PctUrbLo2011WsRp100","-0.571174897243948,0.532573069682625,-0.516138628167017,0.482745256100805,-0.423886384099783,0.416556764153438","-0.631526877617625,0.384874518576561,0.363778991491136,0.363372661908383,0.362140014716795,0.322952678381801"
"36","DE",3,"atsn","fourier",1486,9282,6.24629878869448,12153.9583862903,27279.9167725806,0.899870197016425,0.963354401111554,0.984534615345157,160,20,0,"0 ","WtDepWs,RckDepWs,PctAlluvCoastWs,PctUrbLo2011WsRp100,PctCrop2011Ws,OmWs","RunoffWs,PctIce2011Ws,BFIWs,WtDepWs,PctAlluvCoastWs,RckDepWs","WtDepWs,RckDepWs,PctIce2011Ws,PctAlluvCoastWs,PctUrbLo2011WsRp100,RdDensWsRp100",NA,"-0.798668929090023,0.59706215043574,0.567284833318941,0.423709367650007,0.408722727671011,0.390243994849714","0.72994868466303,-0.478701783300441,-0.397134882130282,-0.372487902725598,0.350234635911457,0.265807335042909","0.712572011830844,-0.519004004834769,0.515692261076473,-0.376329433433045,-0.284459501119139,-0.279681494676382",NA,"WtDepWs,PctAlluvCoastWs,PctIce2011Ws,RunoffWs,BFIWs,ElevWs","RdDensWsRp100,PctUrbHi2011WsRp100,PctUrbMd2011WsRp100,PopDen2010Ws,PctImp2006WsRp100,PctUrbOp2011WsRp100","-0.5761822468618,0.502155866468756,-0.482724719791286,0.456599312113223,-0.455517043944167,-0.439162520991858","0.55157463146037,0.483274217298488,0.478290611594228,0.460949864704655,0.459152713004122,0.433460067120794"
"37","DUE",1,"at","fixed_factors",1080,9282,8.59444444444444,12196.3070465863,26552.6140931726,0.816055133442145,0.957130444195187,0.981066374584476,18,2,0,"0 ","RunoffWs,WtDepWs,PctAlluvCoastWs,PctIce2011Ws,RckDepWs,BFIWs",NA,NA,NA,"0.617479460769484,-0.601411659586349,0.536028457444053,-0.412826878684798,0.398274866989238,-0.338249820865318",NA,NA,NA,"ElevWs,PctAlluvCoastWs,PctGlacLakeFineWs,BFIWs,RunoffWs,PctIce2011Ws",NA,"-0.422198814590153,0.406135277985743,0.396425026239945,-0.378811808193092,0.355220534820508,-0.324842348320501",NA
"38","DUE",1,"pc","fixed_factors",1080,9282,8.59444444444444,12306.2338668425,26772.467733685,0.809676398393995,0.956145764203088,0.981175250637569,7,1,0,"0 ","WtDepWs,RunoffWs,PctAlluvCoastWs,PctIce2011Ws,RckDepWs,BFIWs",NA,NA,NA,"-0.617535685346137,0.608007596282113,0.544184039519175,-0.459779174083259,0.420542237808622,-0.365019770905456",NA,NA,NA,"OmWs,RunoffWs,ElevWs,WsAreaSqKm,WtDepWs,PctGlacLakeFineWs",NA,"0.278332859501657,-0.259082772283801,-0.180314857667193,-0.154655880833637,-0.140436056735945,-0.135145650410536",NA
"39","DUE",1,"sn","fixed_factors",1080,9282,8.59444444444444,12424.9948033447,27009.9896066893,0.807096242347405,0.954777515966764,0.980618652883499,42,5,0,"0 ","WtDepWs,RunoffWs,PctAlluvCoastWs,PctIce2011Ws,RckDepWs,BFIWs",NA,NA,NA,"-0.627443976838666,0.574583404469827,0.54062756557574,-0.484949841020364,0.442588709055776,-0.355192169734783",NA,NA,NA,"PctUrbOp2011WsRp100,RdDensWsRp100,PopDen2010Ws,PctImp2006WsRp100,PctUrbLo2011WsRp100,PctUrbHi2011WsRp100",NA,"0.824598800332578,0.795939201778486,0.738235710684854,0.718136193798379,0.71780953237156,0.688461194860583",NA
"40","DUE",1,"atpc","fixed_factors",1704,9282,5.44718309859155,11877.0119194649,27162.0238389297,0.823969495854112,0.959284807811227,0.983473540559767,34,5,0,"0 ","RunoffWs,WtDepWs,PctAlluvCoastWs,PctIce2011Ws,RckDepWs,BFIWs",NA,NA,NA,"0.624851554889278,-0.598536109723443,0.525373848322115,-0.417327433046656,0.399936880666479,-0.343437285092356",NA,NA,NA,"PctGlacLakeFineWs,RckDepWs,PctAlluvCoastWs,ElevWs,PctIce2011Ws,WtDepWs","RunoffWs,WtDepWs,PctIce2011Ws,PctAlluvCoastWs,BFIWs,RckDepWs","0.490661166918069,0.393946177108256,0.392711696516795,-0.379745382122769,-0.344436087987435,-0.282639096113328","-0.654927432107223,0.351747545897706,0.333308216426463,-0.32549494765498,0.31013215548315,-0.202346429833985"
"41","DUE",1,"atpcsn","fixed_factors",2328,9282,3.98711340206186,11572.5877723194,27801.1755446387,0.833567507326175,0.963010641600466,0.983830924377399,3623,1053,0,"0 ","WtDepWs,RunoffWs,PctAlluvCoastWs,PctIce2011Ws,RckDepWs,BFIWs",NA,NA,NA,"-0.643991970842269,0.57053311969937,0.539042861444291,-0.470856118231028,0.451025816792629,-0.309555961806073",NA,NA,NA,"PctGlacLakeFineWs,PctIce2011Ws,ElevWs,BFIWs,RckDepWs,WtDepWs","RunoffWs,PctGlacLakeFineWs,PctUrbOp2011WsRp100,PopDen2010Ws,PctUrbHi2011WsRp100,RdDensWsRp100","0.509026517677019,-0.477266141337859,-0.42222169561962,-0.35906041933904,0.351093082289552,-0.341697404487579","-0.628420906222854,0.334761556491007,0.303930398645729,0.302549799121472,0.298817844423563,0.27328410697716"
"42","DUE",1,"atsn","fixed_factors",1704,9282,5.44718309859155,11875.5188374579,27159.0376749159,0.825892360990343,0.960150878869339,0.981613228276332,7,1,0,"0 ","WtDepWs,RunoffWs,PctAlluvCoastWs,PctIce2011Ws,RckDepWs,BFIWs",NA,NA,NA,"-0.645765039278959,0.563952874743427,0.545435144198774,-0.472961014056977,0.450404438450059,-0.310198516516172",NA,NA,NA,"BFIWs,PctGlacLakeFineWs,ElevWs,PctIce2011Ws,WtDepWs,RunoffWs","PctUrbOp2011WsRp100,RdDensWsRp100,PopDen2010Ws,PctImp2006WsRp100,PctUrbLo2011WsRp100,PctUrbHi2011WsRp100","-0.502635470613315,0.473890126088976,-0.460196967722923,-0.407357997551148,-0.357079683539952,0.32763091070998","0.792429879013836,0.774763718688342,0.703378618612335,0.683173233348421,0.672464631864436,0.664524682920901"
"43","DUE",1,"at","fourier",840,9282,11.05,12646.5881113205,26973.1762226411,0.807725892690781,0.945741766511032,0.980447834268062,18,2,0,"0 ","RunoffWs,WtDepWs,PctAlluvCoastWs,PctIce2011Ws,RckDepWs,BFIWs",NA,NA,NA,"0.650525627317483,-0.551679013927193,0.526999069229926,-0.421410735722519,0.365405047470801,-0.35244939541792",NA,NA,NA,"PctIce2011Ws,PctAlluvCoastWs,ElevWs,PctGlacLakeFineWs,RunoffWs,WtDepWs",NA,"-0.424296166671285,0.403847986775753,-0.392544464598325,0.377777302822437,0.372746228940156,-0.350473901961531",NA
"44","DUE",1,"pc","fourier",840,9282,11.05,12873.8064908519,27427.6129817038,0.800435886914907,0.942245343017038,0.98082847700916,24,3,0,"0 ","RunoffWs,PctAlluvCoastWs,WtDepWs,PctIce2011Ws,BFIWs,RckDepWs",NA,NA,NA,"0.630758688873114,0.488392317383858,-0.461309313456858,-0.420983984324644,-0.362315698877843,0.333726557223438",NA,NA,NA,"RunoffWs,PctAlluvCoastWs,BFIWs,WtDepWs,RdDensWsRp100,PctCrop2011Ws",NA,"0.537093947412475,0.351015458499701,-0.337831464967551,-0.200415175571819,-0.173014141165355,0.158024121959859",NA
"45","DUE",1,"sn","fourier",840,9282,11.05,12873.2513512376,27426.5027024753,0.791818680114665,0.944423999613901,0.980521498066857,17,2,0,"0 ","RunoffWs,WtDepWs,PctAlluvCoastWs,PctIce2011Ws,RckDepWs,BFIWs",NA,NA,NA,"0.609862186447899,-0.551131343850385,0.50910442167364,-0.47690692696378,0.398067542607847,-0.360278059190872",NA,NA,NA,"RunoffWs,BFIWs,PctAlluvCoastWs,WtDepWs,PctIce2011Ws,ElevWs",NA,"-0.766385212841923,0.430589388713825,-0.40838129056425,0.365121294665991,0.325279931528364,0.206617224246564",NA
"46","DUE",1,"atpc","fourier",1464,9282,6.34016393442623,12316.1561606572,27560.3123213145,0.816055004244829,0.948767899367295,0.983132624572146,28,4,0,"0 ","RunoffWs,WtDepWs,PctAlluvCoastWs,PctIce2011Ws,RckDepWs,BFIWs",NA,NA,NA,"0.653814359349582,-0.549389786811373,0.518605647280815,-0.424239103427926,0.366076687881933,-0.356892139698899",NA,NA,NA,"PctGlacLakeFineWs,ElevWs,PctIce2011Ws,PctAlluvCoastWs,RckDepWs,WsAreaSqKm","RunoffWs,BFIWs,PctIce2011Ws,PctAlluvCoastWs,WtDepWs,PctGlacLakeFineWs","0.454171639177145,-0.381828698047445,-0.376779784431656,0.365394372135124,0.361452174545217,-0.284414014730497","-0.612895234953987,0.283672522105888,0.269455655845947,-0.26680047188546,0.216356995416566,0.194896993603877"
"47","DUE",1,"atpcsn","fourier",2088,9282,4.44540229885058,11951.7429084542,28079.4858169083,0.828704053224976,0.954094214953908,0.983420815964918,1554,313,0,"0 ","WtDepWs,RunoffWs,PctAlluvCoastWs,PctIce2011Ws,RckDepWs,BFIWs",NA,NA,NA,"-0.622108067621944,0.601824269528271,0.54224179122538,-0.468420723620655,0.422302598943728,-0.327452777569318",NA,NA,NA,"PctIce2011Ws,PctAlluvCoastWs,ElevWs,WtDepWs,PctGlacLakeFineWs,RckDepWs","RunoffWs,PctGlacLakeFineWs,PctUrbOp2011WsRp100,PctUrbHi2011WsRp100,PopDen2010Ws,RdDensWsRp100","-0.462311009673777,0.458833667282364,-0.453629095752757,-0.446886663292426,0.415480656508891,0.395118582591699","-0.545842198885565,0.368300059575439,0.328327801795047,0.315118905358142,0.311240482037038,0.300534279595719"
"48","DUE",1,"atsn","fourier",1464,9282,6.34016393442623,12249.678227193,27427.3564543859,0.821137445000795,0.951065618096323,0.981165496322974,32,5,0,"0 ","WtDepWs,RunoffWs,PctAlluvCoastWs,PctIce2011Ws,RckDepWs,BFIWs",NA,NA,NA,"-0.623951388897373,0.594275544614249,0.544820060000955,-0.473464618032136,0.42493607675315,-0.327033790229264",NA,NA,NA,"BFIWs,ElevWs,PctGlacLakeFineWs,WtDepWs,RunoffWs,PctAlluvCoastWs","RdDensWsRp100,PctUrbMd2011WsRp100,PctUrbHi2011WsRp100,PctImp2006WsRp100,PopDen2010Ws,PctUrbLo2011WsRp100","-0.518254246769354,-0.452146691132192,0.413955330806254,-0.370721403254387,0.361090515900703,0.348673242040005","0.589465125733347,0.564570268630629,0.547190413368543,0.541841080274978,0.527880531429966,0.516661064318115"
"49","DUE",2,"at","fixed_factors",1103,9282,8.41523118766999,11914.0476147422,26034.0952294845,0.823676092427123,0.957793646531857,0.991581450427335,36,4,0,"0 ","WtDepWs,RunoffWs,PctAlluvCoastWs,RckDepWs,PctIce2011Ws,BFIWs","RunoffWs,PopDen2010Ws,PctUrbOp2011WsRp100,PctImp2006WsRp100,PctUrbHi2011WsRp100,PctUrbMd2011WsRp100",NA,NA,"-0.698822778670065,0.591724046192055,0.555217090874378,0.434933187795845,-0.433259602495987,-0.403791462719614","0.410491665846322,-0.291748258395653,-0.279090901846779,-0.272149094431561,-0.270398178091082,-0.266805344592329",NA,NA,"ElevWs,PctAlluvCoastWs,WtDepWs,BFIWs,RckDepWs,RunoffWs",NA,"-0.484672697620493,0.475562044826676,-0.445504880335016,-0.395005110785344,0.354278702231067,0.354180244417448",NA
"50","DUE",2,"pc","fixed_factors",1103,9282,8.41523118766999,12035.6472867394,26277.2945734788,0.814576391706385,0.957661359526274,0.991815455083344,28,2,0,"0 ","WtDepWs,RunoffWs,PctAlluvCoastWs,PctIce2011Ws,BFIWs,RckDepWs","RunoffWs,PctAlluvCoastWs,PctIce2011Ws,WtDepWs,RckDepWs,BFIWs",NA,NA,"-0.683570106203576,0.605135301150624,0.547110592902507,-0.44326068969403,-0.432612803423566,0.421916869875417","0.523283154695942,0.423750498904845,-0.399307841876232,-0.371823334690701,0.319969819765284,-0.201562532805675",NA,NA,"RunoffWs,PctIce2011Ws,PctGlacLakeFineWs,OmWs,BFIWs,PctAlluvCoastWs",NA,"-0.398755190100217,0.238530459456561,-0.206836809481063,0.193219813796531,0.191112221749435,-0.180625529733355",NA
"51","DUE",2,"sn","fixed_factors",1103,9282,8.41523118766999,12112.1573766087,26430.3147532173,0.80639811022564,0.956367651678085,0.991135470679373,7,1,0,"0 ","PctIce2011Ws,RunoffWs,PctAlluvCoastWs,RckDepWs,WtDepWs,BFIWs","WtDepWs,RunoffWs,PctAlluvCoastWs,RckDepWs,BFIWs,PctIce2011Ws",NA,NA,"-0.431553612532636,0.412230733536311,0.324638725267951,0.294868840128847,-0.270212262673945,-0.135228056835514","0.697727476613295,-0.565543889604951,-0.543659929216828,-0.425866206625093,0.423734190858167,0.414123570188029",NA,NA,"RdDensWsRp100,PctUrbOp2011WsRp100,PopDen2010Ws,RunoffWs,PermWs,PctImp2006WsRp100",NA,"0.80922379203277,0.804317240092168,0.703069711922304,-0.691006509395486,0.685585869690036,0.678386280792687",NA
"52","DUE",2,"atpc","fixed_factors",1727,9282,5.37463810075275,11599.5851515965,26653.170303193,0.834588569591067,0.960229457160637,0.993083956323074,7,1,0,"0 ","WtDepWs,RunoffWs,PctAlluvCoastWs,PctIce2011Ws,RckDepWs,BFIWs","RunoffWs,PopDen2010Ws,PctUrbOp2011WsRp100,PctImp2006WsRp100,PctUrbHi2011WsRp100,PctUrbMd2011WsRp100",NA,NA,"-0.675726369086443,0.610287395905657,0.539233915730977,-0.435757574179417,0.431313496696104,-0.404366189015357","0.40975323724178,-0.264424114974945,-0.257547999843799,-0.24460336248619,-0.244512493715843,-0.238524841513842",NA,NA,"PctAlluvCoastWs,ElevWs,PctGlacLakeFineWs,RckDepWs,WtDepWs,PctUrbOp2011WsRp100","RunoffWs,WtDepWs,PctIce2011Ws,BFIWs,PctAlluvCoastWs,RckDepWs","0.466311951139134,-0.442147070842698,0.430406490547068,0.386250320162492,-0.363126329058906,0.326270103117408","-0.679787584772439,0.483104019006081,0.418611780001734,0.371392918956333,-0.349225142114488,-0.328753282061378"
"53","DUE",2,"atpcsn","fixed_factors",2351,9282,3.94810718843046,11286.5497379047,27275.0994758094,0.846446866356556,0.964515351803479,0.993393225328856,3872,1114,0,"0 ","WtDepWs,RunoffWs,PctAlluvCoastWs,PctIce2011Ws,RckDepWs,BFIWs","PctIce2011Ws,RunoffWs,ElevWs,PopDen2010Ws,PctAlluvCoastWs,PctUrbMd2011WsRp100",NA,NA,"-0.686804057430052,0.587769689926333,0.540840786977869,-0.461725586698491,0.454787395840589,-0.37752285022773","-0.225865286904617,0.209077872037147,0.139097567497195,-0.137600901017734,0.132986848363054,-0.13251975760622",NA,NA,"PctGlacLakeFineWs,ElevWs,PctIce2011Ws,WtDepWs,BFIWs,PctAlluvCoastWs","RunoffWs,PopDen2010Ws,PctUrbHi2011WsRp100,WtDepWs,BFIWs,PctUrbOp2011WsRp100","0.458245419364761,-0.453791537214402,-0.432965508729735,-0.365941839214023,-0.357068808234079,0.357043373000125","-0.682109252259798,0.325467964005106,0.322129303014469,0.309171217643045,0.303134939533551,0.299654106058573"
"54","DUE",2,"atsn","fixed_factors",1727,9282,5.37463810075275,11602.0462747728,26658.0925495456,0.835713183797916,0.961488398244482,0.992102241089403,496,94,0,"0 ","WtDepWs,RunoffWs,PctAlluvCoastWs,PctIce2011Ws,RckDepWs,BFIWs","RunoffWs,PctIce2011Ws,PctAlluvCoastWs,RckDepWs,PopDen2010Ws,PctUrbMd2011WsRp100",NA,NA,"-0.700270268602411,0.576094101837129,0.549794185651073,-0.461209584225203,0.456496421641448,-0.385114956239458","0.329487903869555,-0.293267874242782,0.209021439045993,0.186780211161605,-0.15678433403395,-0.14285990845575",NA,NA,"ElevWs,BFIWs,WtDepWs,PctGlacLakeFineWs,PctIce2011Ws,PctAlluvCoastWs","RdDensWsRp100,PctUrbOp2011WsRp100,RunoffWs,PopDen2010Ws,PctImp2006WsRp100,PermWs","-0.515406905502962,-0.508636618940207,-0.445382026504592,0.426162999321154,-0.403264268390184,0.340984267385992","0.763474653386591,0.745403774827764,-0.729573485058993,0.653766382021045,0.622217623971871,0.619598595131299"
"55","DUE",2,"at","fourier",863,9282,10.7555040556199,12352.9690686255,26431.938137251,0.823322036886959,0.950235910857453,0.993589532865133,19,2,0,"0 ","RunoffWs,WtDepWs,PctAlluvCoastWs,PctIce2011Ws,BFIWs,RckDepWs","ElevWs,PctUrbOp2011WsRp100,RunoffWs,WsAreaSqKm,PctCrop2011Ws,PopDen2010Ws",NA,NA,"0.653906358596169,-0.617339259603391,0.529132938865535,-0.464791659930087,-0.43066260330467,0.387325760903005","0.2846937550017,-0.257521239801334,0.247911899155157,0.246969055173235,0.2467468446142,-0.241811010603203",NA,NA,"PctAlluvCoastWs,PctIce2011Ws,ElevWs,WtDepWs,RunoffWs,BFIWs",NA,"0.439081951428211,-0.4317129818923,-0.429462137030236,-0.400261934585926,0.392356751713343,-0.359848150339225",NA
"56","DUE",2,"pc","fourier",863,9282,10.7555040556199,12580.9013105082,26887.8026210164,0.799247307318856,0.945397793362174,0.991782542679022,8,1,0,"0 ","RunoffWs,WtDepWs,PctAlluvCoastWs,BFIWs,PctIce2011Ws,RckDepWs","RunoffWs,PctIce2011Ws,PctAlluvCoastWs,RckDepWs,BFIWs,WtDepWs",NA,NA,"0.634266642230842,-0.600013274067306,0.536504995510245,-0.438965098596433,-0.436515572450134,0.372499798494226","0.515049877717503,-0.314820636845851,0.311191179618923,0.199921536026489,-0.199451359064981,-0.168509110131365",NA,NA,"RunoffWs,PctAlluvCoastWs,BFIWs,PctGlacLakeFineWs,PctCrop2011Ws,ElevWs",NA,"0.460209705002215,0.340706038218417,-0.236282174795318,-0.154708534429162,0.141498298265843,-0.117850190822347",NA
"57","DUE",2,"sn","fourier",863,9282,10.7555040556199,12551.7915337961,26829.5830675922,0.790211928843265,0.949053504311806,0.992355635904085,26,3,0,"0 ","WtDepWs,RunoffWs,PctAlluvCoastWs,PctIce2011Ws,BFIWs,RckDepWs","RunoffWs,PctIce2011Ws,PctAlluvCoastWs,RckDepWs,WtDepWs,BFIWs",NA,NA,"-0.6433925894331,0.6031493019931,0.537784826008238,-0.446746405224728,-0.432164195051704,0.398805043576242","0.443051008977065,-0.376838483713423,0.289003368441557,0.252315533116285,-0.202728748691732,-0.132243273198023",NA,NA,"RunoffWs,PctAlluvCoastWs,BFIWs,WtDepWs,PctIce2011Ws,ElevWs",NA,"-0.746094964609437,-0.425864820824093,0.394630969424241,0.351637478740848,0.325516713813987,0.215221342795893",NA
"58","DUE",2,"atpc","fourier",1487,9282,6.24209818426362,12015.6131902625,27005.226380525,0.833365401051881,0.955486556068212,0.995062436748017,7,1,0,"0 ","RunoffWs,WtDepWs,PctAlluvCoastWs,PctIce2011Ws,BFIWs,RckDepWs","ElevWs,BFIWs,PctCrop2011Ws,WsAreaSqKm,WtDepWs,PctUrbOp2011WsRp100",NA,NA,"0.662623134605443,-0.596634357781159,0.509446356480306,-0.464404345872729,-0.439763031230772,0.376860098411583","-0.391775615464794,-0.37079271126134,-0.265809290269976,-0.263362387051856,-0.256772035290096,0.250683217496073",NA,NA,"PctGlacLakeFineWs,ElevWs,PctAlluvCoastWs,PctIce2011Ws,RckDepWs,WsAreaSqKm","RunoffWs,PctIce2011Ws,WtDepWs,PctAlluvCoastWs,BFIWs,RckDepWs","0.428087170542896,-0.397290311292421,0.374608028343237,-0.350089092819671,0.323302094838712,-0.309845558768075","-0.652388589689035,0.375733622374584,0.353847641095204,-0.340561701151931,0.336559278300442,-0.24970650446753"
"59","DUE",2,"atpcsn","fourier",2111,9282,4.39696826148745,11637.033870591,27496.067741182,0.842090554128488,0.958641274104008,0.99547520138479,3142,886,0,"0 ","WtDepWs,RunoffWs,PctAlluvCoastWs,PctIce2011Ws,BFIWs,RckDepWs","BFIWs,PctCrop2011Ws,ElevWs,WsAreaSqKm,PctGlacLakeFineWs,OmWs",NA,NA,"-0.64043804527602,0.630719014335296,0.524010680511699,-0.476539608512073,-0.4181042257558,0.405746205328072","-0.301022964000751,-0.26095341609456,-0.225258075633055,-0.222992635830454,0.16323761061229,-0.162878166405888",NA,NA,"PctAlluvCoastWs,ElevWs,WtDepWs,PctIce2011Ws,RunoffWs,BFIWs","RunoffWs,PctUrbHi2011WsRp100,PopDen2010Ws,BFIWs,PctUrbOp2011WsRp100,PctGlacLakeFineWs","0.476242680265147,-0.461334338471668,-0.438587866482477,-0.424054740010659,0.402419845257169,-0.400240847584607","-0.636533329807439,0.310685780107604,0.304367667283349,0.301236687595018,0.299188839412136,0.287658911159401"
"60","DUE",2,"atsn","fourier",1487,9282,6.24209818426362,11949.8914465527,26873.7828931054,0.834784824713324,0.955961113847925,0.994399019405634,48,7,0,"0 ","WtDepWs,RunoffWs,PctAlluvCoastWs,PctIce2011Ws,BFIWs,RckDepWs","PctCrop2011Ws,PctAlluvCoastWs,WsAreaSqKm,RckDepWs,BFIWs,OmWs",NA,NA,"-0.646678166335862,0.621913437785979,0.527081275129763,-0.483779588838665,-0.418452478786587,0.41155582621249","0.258408664650761,0.23357422075743,0.217042896947158,0.207341854659796,0.17882456023914,0.163164017124714",NA,NA,"BFIWs,ElevWs,WtDepWs,RunoffWs,PctAlluvCoastWs,PctGlacLakeFineWs","RdDensWsRp100,PctUrbMd2011WsRp100,PctUrbHi2011WsRp100,PctImp2006WsRp100,PopDen2010Ws,PctUrbLo2011WsRp100","-0.539496697406852,-0.485480399855394,-0.430094766713963,0.411932027329075,0.402462940856699,0.36536702643799","0.578396461958359,0.519655958840549,0.504565311489006,0.493314012366192,0.484356403610091,0.463345817724577"
"61","DUE",3,"at","fixed_factors",1125,9282,8.25066666666667,11711.8696704898,25673.7393409796,0.837257854177841,0.966193234997994,0.992459400125534,21,2,0,"0 ","WtDepWs,PctAlluvCoastWs,RckDepWs,ElevWs,RunoffWs,BFIWs","RunoffWs,PctIce2011Ws,BFIWs,PctAlluvCoastWs,WtDepWs,RckDepWs","PctCrop2011Ws,WtDepWs,OmWs,PctAlluvCoastWs,PctUrbHi2011WsRp100,PctUrbLo2011WsRp100",NA,"-0.757027564123795,0.556181041127773,0.447108726873487,-0.392567490025596,0.388234979121761,-0.339779477062052","0.683211619450115,-0.45709036069065,-0.333634520165281,0.313713690328777,-0.294799883074419,0.237335285518048","0.516366518999569,-0.446843330719544,0.365219324327645,0.341254953885268,0.264199684439431,0.257440830949811",NA,"ElevWs,PctAlluvCoastWs,WtDepWs,BFIWs,RckDepWs,PctGlacLakeFineWs",NA,"-0.48978768267948,0.479778844420691,-0.453800370382718,-0.402286861294798,0.359677057822491,0.346484855370152",NA
"62","DUE",3,"pc","fixed_factors",1125,9282,8.25066666666667,11832.9666414387,25915.9332828773,0.827254561118189,0.963792248338103,0.992650103279808,7,1,0,"0 ","WtDepWs,PctAlluvCoastWs,PctCrop2011Ws,RckDepWs,ElevWs,OmWs","RunoffWs,PctIce2011Ws,BFIWs,PctAlluvCoastWs,WtDepWs,RckDepWs","WtDepWs,PctAlluvCoastWs,RunoffWs,BFIWs,ElevWs,RckDepWs",NA,"-0.625611636218234,0.488230890516655,0.477386734024525,0.359836815616695,-0.355262161652362,0.349785242657371","0.664510731316955,-0.495383272145747,-0.354944870063207,0.289504938387582,-0.277646851049825,0.228425491874327","0.68911859219072,-0.474116631016239,-0.471245400970506,0.444095948846966,0.388211707742377,-0.379401221552705",NA,"RunoffWs,PctIce2011Ws,OmWs,BFIWs,PctGlacLakeFineWs,PctAlluvCoastWs",NA,"-0.411831410794669,0.256805564655406,0.219792113031882,0.20494833638568,-0.19619061269141,-0.180272626412106",NA
"63","DUE",3,"sn","fixed_factors",1125,9282,8.25066666666667,11908.3297066968,26066.6594133936,0.81483575190084,0.965626933575745,0.992895224868666,21,2,0,"0 ","WtDepWs,PctAlluvCoastWs,PctCrop2011Ws,RckDepWs,ElevWs,PctUrbLo2011WsRp100","RunoffWs,PctIce2011Ws,BFIWs,PctAlluvCoastWs,PctCrop2011Ws,WtDepWs","WtDepWs,RunoffWs,BFIWs,PctAlluvCoastWs,PctIce2011Ws,RckDepWs",NA,"-0.657100921772424,0.490840888432616,0.463945176453901,0.40003122207167,-0.380605949027826,0.362251898084794","0.632523447621211,-0.468562181215804,-0.329023720919816,0.214620523902624,-0.187859247178374,-0.179158532544281","0.598860367308101,-0.586821480614187,0.49645049136297,-0.416504617946391,0.364130201398927,-0.319751598880919",NA,"RdDensWsRp100,PctUrbOp2011WsRp100,PopDen2010Ws,RunoffWs,PermWs,PctImp2006WsRp100",NA,"0.810733757296749,0.808183244475391,0.707878276369731,-0.697774480697454,0.686783402627497,0.683240930511279",NA
"64","DUE",3,"atpc","fixed_factors",1749,9282,5.30703259005146,11396.1243940347,26290.2487880693,0.84492597912586,0.96535172425275,0.994096834008163,22,2,0,"0 ","WtDepWs,PctAlluvCoastWs,RckDepWs,RunoffWs,ElevWs,BFIWs","RunoffWs,PctIce2011Ws,BFIWs,PctAlluvCoastWs,WtDepWs,RckDepWs","PctCrop2011Ws,WtDepWs,OmWs,PctAlluvCoastWs,PctUrbHi2011WsRp100,RunoffWs",NA,"-0.757035145396615,0.557757994290756,0.462562151448189,0.39192076231924,-0.379544227901247,-0.332124579236054","0.697964776989589,-0.440230555103753,-0.352165051904084,0.312146423000469,-0.298993180830369,0.225437209962285","0.509713392084172,-0.390859332492333,0.379915928339128,0.314985105676713,0.272629165392484,-0.263774728173914",NA,"PctAlluvCoastWs,ElevWs,PctGlacLakeFineWs,RckDepWs,WtDepWs,PctUrbOp2011WsRp100","RunoffWs,BFIWs,PctIce2011Ws,WtDepWs,PopDen2010Ws,PermWs","0.514775564216366,-0.503375547416671,0.421179560997103,0.421030296102001,-0.418324462340844,0.400760098597879","-0.708431520788203,0.457461434809876,0.345709125167695,0.342411108255166,0.333818466395816,0.306892550277837"
"65","DUE",3,"atpcsn","fixed_factors",2373,9282,3.91150442477876,11067.6500893019,26881.3001786038,0.850446040295639,0.968701975000634,0.994706084432879,4426,1197,0,"0 ","WtDepWs,PctAlluvCoastWs,RckDepWs,ElevWs,RunoffWs,PctIce2011Ws","RunoffWs,PctIce2011Ws,BFIWs,WtDepWs,PctAlluvCoastWs,RckDepWs","WtDepWs,PctCrop2011Ws,OmWs,PctAlluvCoastWs,RckDepWs,PctUrbLo2011WsRp100",NA,"-0.764536299054756,0.556148645947317,0.480625136828631,-0.380000749782257,0.379848388555432,-0.342363738980102","0.681853820627357,-0.475029029638679,-0.345529668533381,-0.31719720273914,0.316073296530864,0.244876554685918","-0.518893762496488,0.498846193141355,0.395194252443965,0.382639524965797,0.358483555072839,0.32779547022331",NA,"ElevWs,PctGlacLakeFineWs,WtDepWs,PctAlluvCoastWs,RckDepWs,PctIce2011Ws","RunoffWs,PopDen2010Ws,PctUrbHi2011WsRp100,PctUrbOp2011WsRp100,PctImp2006WsRp100,PctUrbLo2011WsRp100","-0.528441494871477,0.519760589116659,-0.444608842130093,0.381020555972217,0.372887864982046,-0.371476607299828","-0.73862596848207,0.510912823877872,0.503922323361188,0.467501734033246,0.446050205729297,0.434978796449788"
"66","DUE",3,"atsn","fixed_factors",1749,9282,5.30703259005146,11389.5803655635,26277.1607311269,0.848521261270648,0.967272559608799,0.993041210106673,1630,307,0,"0 ","WtDepWs,PctCrop2011Ws,PctAlluvCoastWs,OmWs,PctUrbLo2011WsRp100,PctUrbHi2011WsRp100","RunoffWs,PctIce2011Ws,WtDepWs,PctAlluvCoastWs,BFIWs,RckDepWs","WtDepWs,PctAlluvCoastWs,RckDepWs,RunoffWs,ElevWs,BFIWs",NA,"-0.53415144964823,0.488943169201183,0.382156335411304,0.352338216332949,0.320488852815483,0.312522778482769","0.64818376293659,-0.504027948581623,-0.326752549175197,0.321959938762546,-0.31003733056222,0.277743093053521","0.745324182691618,-0.540641721733346,-0.451182198723995,-0.415850253102048,0.397899164971159,0.361402182831817",NA,"BFIWs,ElevWs,WtDepWs,PctGlacLakeFineWs,PctIce2011Ws,RunoffWs","RdDensWsRp100,PctUrbOp2011WsRp100,RunoffWs,PopDen2010Ws,PermWs,PctImp2006WsRp100","-0.537571002297661,-0.500638784351414,-0.428072524364081,0.426262342985979,-0.358208824937103,0.326902941181683","0.78153302453141,0.754617279902679,-0.710847791309274,0.661919570981505,0.645947881272343,0.634080401878833"
"67","DUE",3,"at","fourier",885,9282,10.4881355932203,12076.2162575946,25922.4325151892,0.833888853056,0.958393370611031,0.993468235239469,8,1,0,"0 ","WtDepWs,PctCrop2011Ws,OmWs,PctAlluvCoastWs,RckDepWs,PctUrbLo2011WsRp100","RunoffWs,PctIce2011Ws,BFIWs,PctAlluvCoastWs,WtDepWs,RckDepWs","WtDepWs,PctAlluvCoastWs,ElevWs,RunoffWs,RckDepWs,BFIWs",NA,"-0.605555590328405,0.420822858708211,0.404945734542586,0.390818107374065,0.355242477497245,0.336095972187334","0.685804811248106,-0.398046270098044,-0.332824987820906,0.314511664751025,-0.233754094612828,0.182611132908004","0.730868861815381,-0.526824941563236,0.469697112552001,-0.418039199479252,-0.417606554505481,0.400092985922838",NA,"PctIce2011Ws,RunoffWs,PctAlluvCoastWs,ElevWs,BFIWs,WtDepWs",NA,"-0.427605912743303,0.422518542208313,0.405987365860847,-0.398590281198223,-0.392405329001003,-0.368615974937692",NA
"68","DUE",3,"pc","fourier",885,9282,10.4881355932203,12297.2920481725,26364.5840963451,0.821785359155241,0.956769082898892,0.994077930975582,33,4,0,"0 ","WtDepWs,PctAlluvCoastWs,RckDepWs,PctCrop2011Ws,OmWs,ElevWs","RunoffWs,PctIce2011Ws,BFIWs,PctAlluvCoastWs,OmWs,WtDepWs","WtDepWs,RunoffWs,BFIWs,PctAlluvCoastWs,ElevWs,PctIce2011Ws",NA,"-0.732065361499449,0.513501529571205,0.464302243346828,0.412031670904515,0.4054317616365,-0.402173883007985","0.645350858730511,-0.363238958985455,-0.345911098323504,0.280181918788138,-0.171329461337519,-0.162166173926138","0.655042434999626,-0.458014613305629,0.455295569307492,-0.452913691998797,0.447659780083345,0.3600923656381",NA,"RunoffWs,PctAlluvCoastWs,BFIWs,PctCrop2011Ws,PctGlacLakeFineWs,RdDensWsRp100",NA,"0.463255798884893,0.320903034108595,-0.236062299024438,0.167940703521169,-0.149347726524969,-0.130465567840865",NA
"69","DUE",3,"sn","fourier",885,9282,10.4881355932203,12285.0225778293,26340.0451556586,0.818912362161248,0.956487223879005,0.99440007940921,45,6,0,"0 ","WtDepWs,PctAlluvCoastWs,ElevWs,OmWs,PctUrbLo2011WsRp100,RckDepWs","RunoffWs,PctIce2011Ws,BFIWs,PctAlluvCoastWs,WtDepWs,RckDepWs","WtDepWs,RunoffWs,BFIWs,PctAlluvCoastWs,ElevWs,PctIce2011Ws",NA,"-0.642813955069026,0.42958532614705,-0.404292457509925,0.39747889733787,0.377384419334894,0.373494181508556","0.614219411490212,-0.405252005697543,-0.300535286389986,0.255701182425414,-0.178233888209487,0.177787059505953","0.609846356705339,-0.477485178304,0.461323377544281,-0.433059856012855,0.420918224476334,0.330268467697467",NA,"RunoffWs,PctAlluvCoastWs,BFIWs,WtDepWs,PctIce2011Ws,ElevWs",NA,"-0.752687425397359,-0.421429498413555,0.394597395100555,0.342812510559666,0.332389518562668,0.208869672654101",NA
"70","DUE",3,"atpc","fourier",1509,9282,6.15109343936382,11753.2902944578,26524.5805889156,0.838192680346875,0.960496154578532,0.994922334928115,21,2,0,"0 ","WtDepWs,PctCrop2011Ws,OmWs,PctAlluvCoastWs,RckDepWs,PctUrbLo2011WsRp100","RunoffWs,PctIce2011Ws,BFIWs,PctAlluvCoastWs,WtDepWs,RckDepWs","WtDepWs,PctAlluvCoastWs,RunoffWs,ElevWs,RckDepWs,BFIWs",NA,"-0.628790226256873,0.435754346541095,0.421096000270023,0.418895478673511,0.404428597887999,0.319825379305556","0.692233074219632,-0.38973591800485,-0.346968941804639,0.310482296915021,-0.231889393372086,0.169281307524002","0.730298432860341,-0.535332170761456,-0.45285120695677,0.446666595450074,-0.430887461739597,0.406609342242594",NA,"ElevWs,PctAlluvCoastWs,PctGlacLakeFineWs,PctIce2011Ws,RdDensWsRp100,PctUrbOp2011WsRp100","RunoffWs,BFIWs,PopDen2010Ws,PctUrbHi2011WsRp100,RdDensWsRp100,PctUrbOp2011WsRp100","-0.425703373774495,0.409307856387774,0.398338133761972,-0.361756967777045,0.342653125501438,0.328828465976147","-0.707973422564842,0.479695673526816,0.345005186182652,0.330301141773201,0.326671834391028,0.3170439244809"
"71","DUE",3,"atpcsn","fourier",2133,9282,4.35161744022504,11394.3754264295,27054.7508528591,0.845781351599018,0.964428359800182,0.995586732231471,3799,997,0,"0 ","WtDepWs,PctAlluvCoastWs,PctCrop2011Ws,RckDepWs,OmWs,PctUrbLo2011WsRp100","RunoffWs,PctIce2011Ws,BFIWs,PctAlluvCoastWs,WtDepWs,RckDepWs","WtDepWs,PctAlluvCoastWs,ElevWs,RunoffWs,RckDepWs,BFIWs",NA,"-0.645286489092653,0.436656071021301,0.428591763963911,0.420725423526509,0.392310542577882,0.340450478328255","0.681158946063499,-0.454683152207143,-0.343444838619087,0.340556190103673,-0.313970908946625,0.229027595226263","0.717995322110353,-0.517312116073808,0.445613515868173,-0.427644791961205,-0.416340127581139,0.396738108370949",NA,"ElevWs,PctAlluvCoastWs,WtDepWs,PctIce2011Ws,WsAreaSqKm,BFIWs","RunoffWs,PctUrbHi2011WsRp100,PopDen2010Ws,PctUrbOp2011WsRp100,RdDensWsRp100,PctImp2006WsRp100","-0.51677354215336,0.513498342898349,-0.486580398296067,-0.413657426343965,-0.390550782111398,-0.387654420195688","-0.69640456200331,0.538956890183455,0.535703344678505,0.509376641627011,0.485380534420505,0.476676217875456"
"72","DUE",3,"atsn","fourier",1509,9282,6.15109343936382,11708.3505071441,26434.7010142883,0.843827849521528,0.962198706810389,0.994223577838502,108,15,0,"0 ","WtDepWs,PctCrop2011Ws,PctAlluvCoastWs,OmWs,RckDepWs,PctUrbLo2011WsRp100","RunoffWs,PctIce2011Ws,PctAlluvCoastWs,BFIWs,WtDepWs,RckDepWs","WtDepWs,PctAlluvCoastWs,ElevWs,RunoffWs,BFIWs,RckDepWs",NA,"-0.61099703900471,0.418398252665075,0.399072552897289,0.378223544664348,0.358897621494977,0.352747000488297","0.664348401965741,-0.464790420958211,0.334702361118496,-0.322217468366295,-0.308269483236048,0.243892875700182","0.700063682364016,-0.498630401828887,0.467154721963751,-0.414489707818008,0.410111622028525,-0.394525230693022",NA,"BFIWs,ElevWs,RunoffWs,WtDepWs,PctAlluvCoastWs,PctIce2011Ws","RdDensWsRp100,PctUrbMd2011WsRp100,PctUrbHi2011WsRp100,PctImp2006WsRp100,PopDen2010Ws,PctUrbLo2011WsRp100","-0.568154739443453,-0.454381275611971,0.445005892281499,-0.401866791927911,0.377202629004108,-0.358850265773671","0.574913575633515,0.522772632949724,0.512207784304625,0.49662092639721,0.489229299562175,0.465661751521028"
