COMID,FID,WBD_FID,ReachCode,MEAS,Distance,siteCode,SiteDescri,System,River,DoE_Statio,latitude,longitude,routeMeasu,riverMile,substrate,flow,gaging,elevation_,surroundin,waterbodyI,locationTy,beneficalU,waterbodyS,watershedA,ecoregion,county,Notes,FID_1,FDATE,RESOLUTION,GNIS_ID,GNIS_NAME,LENGTHKM,REACHCOD_1,FLOWDIR,WBAREACOMI,FTYPE,FCODE,SHAPE_LENG,ENABLED,GNIS_NBR,CatAreaSqKm,WsAreaSqKm,CatPctFull,WsPctFull,CatAreaSqKmRp100,WsAreaSqKmRp100,CatPctFullRp100,WsPctFullRp100,BFICat,BFIWs,ElevCat,ElevWs,NPDESDensCat,SuperfundDensCat,TRIDensCat,NPDESDensWs,SuperfundDensWs,TRIDensWs,PctImp2006Cat,PctImp2006Ws,PctImp2006CatRp100,PctImp2006WsRp100,PctCarbResidCat,PctNonCarbResidCat,PctAlkIntruVolCat,PctSilicicCat,PctExtruVolCat,PctColluvSedCat,PctGlacTilClayCat,PctGlacTilLoamCat,PctGlacTilCrsCat,PctGlacLakeCrsCat,PctGlacLakeFineCat,PctHydricCat,PctEolCrsCat,PctEolFineCat,PctSalLakeCat,PctAlluvCoastCat,PctCoastCrsCat,PctWaterCat,PctCarbResidWs,PctNonCarbResidWs,PctAlkIntruVolWs,PctSilicicWs,PctExtruVolWs,PctColluvSedWs,PctGlacTilClayWs,PctGlacTilLoamWs,PctGlacTilCrsWs,PctGlacLakeCrsWs,PctGlacLakeFineWs,PctHydricWs,PctEolCrsWs,PctEolFineWs,PctSalLakeWs,PctAlluvCoastWs,PctCoastCrsWs,PctWaterWs,SN_2008Cat,InorgNWetDep_2008Cat,NH4_2008Cat,NO3_2008Cat,SN_2008Ws,InorgNWetDep_2008Ws,NH4_2008Ws,NO3_2008Ws,PctOw2011Cat,PctIce2011Cat,PctUrbOp2011Cat,PctUrbLo2011Cat,PctUrbMd2011Cat,PctUrbHi2011Cat,PctBl2011Cat,PctDecid2011Cat,PctConif2011Cat,PctMxFst2011Cat,PctShrb2011Cat,PctGrs2011Cat,PctHay2011Cat,PctCrop2011Cat,PctWdWet2011Cat,PctHbWet2011Cat,PctOw2011Ws,PctIce2011Ws,PctUrbOp2011Ws,PctUrbLo2011Ws,PctUrbMd2011Ws,PctUrbHi2011Ws,PctBl2011Ws,PctDecid2011Ws,PctConif2011Ws,PctMxFst2011Ws,PctShrb2011Ws,PctGrs2011Ws,PctHay2011Ws,PctCrop2011Ws,PctWdWet2011Ws,PctHbWet2011Ws,PctOw2011CatRp100,PctIce2011CatRp100,PctUrbOp2011CatRp100,PctUrbLo2011CatRp100,PctUrbMd2011CatRp100,PctUrbHi2011CatRp100,PctBl2011CatRp100,PctDecid2011CatRp100,PctConif2011CatRp100,PctMxFst2011CatRp100,PctShrb2011CatRp100,PctGrs2011CatRp100,PctHay2011CatRp100,PctCrop2011CatRp100,PctWdWet2011CatRp100,PctHbWet2011CatRp100,PctOw2011WsRp100,PctIce2011WsRp100,PctUrbOp2011WsRp100,PctUrbLo2011WsRp100,PctUrbMd2011WsRp100,PctUrbHi2011WsRp100,PctBl2011WsRp100,PctDecid2011WsRp100,PctConif2011WsRp100,PctMxFst2011WsRp100,PctShrb2011WsRp100,PctGrs2011WsRp100,PctHay2011WsRp100,PctCrop2011WsRp100,PctWdWet2011WsRp100,PctHbWet2011WsRp100,RdDensCat,RdDensWs,RdDensCatRp100,RdDensWsRp100,RunoffCat,RunoffWs,OmCat,RckDepCat,WtDepCat,PermCat,OmWs,RckDepWs,WtDepWs,PermWs,HUDen2010Cat,PopDen2010Cat,HUDen2010Ws,PopDen2010Ws,PopDen2010CatRp100,PopDen2010WsRp100,dam_upstream,dam_type,aspect
23955772,17,245757,1.71E+13,33.86902,-1.71E-04,C,Nooksack R @ Brennan,river,Nooksack,01A050,48.819,-122.58,5.862,3.4,Soft Bottom,Yes,Routed,10,farming,WA-01-1010,bridge,core/prim/0,28.2,790,Puget Lowland,Whatcom, ,245757,4/17/2001,Medium,1523714,Nooksack River,8.482,1.71E+13,With Digitized,23960336,ArtificialPath,55800,0.09099098,TRUE,0,5.9634,2046.2049,100,93.99893,1.4859,281.9331,100,100,56.3681,58.42334,6.969549,674.45597,0,0,0,0,0.001083322,0.002166644,11.6412617,1.3141078,9.2495457,1.1579779,0,0,0,0,0,0,0,5.659523,0,0,7.742228,0,0,0,0,86.598249,0,0,0,36.266821,0,26.665389,4.817791,0,0,5.046794034,2.8275594,0,11.0002974,0,0,0,0,13.37534767,0,0,84.73323,0.5804309,0.385528,1.23671,246.085,1.8513166,1.274538,3.798859,9.20615756,0,7.938424,13.0244491,6.79142771,3.27497736,0.1961968,4.2559614,0,0.2867492,0.6640507,0.34711742,24.67552068,20.70630848,3.29006942,5.3425898,0.53947104,1.84240813,2.7329077,1.9559514,0.481387851,0.172703805,3.66458082,3.5734745,47.9999,5.7026918,14.238719,2.6857386,9.637968419,2.62831115,1.6517641,0.492020822,7.3288916,0,8.7219867,12.1744397,5.3906723,1.5142338,0.7874016,7.5105996,0,0,1.3930951,0.4239855,22.65293761,7.38946093,11.3870382,13.3252574,1.62517278,0.098001973,3.2372573,1.7043405,0.3597662,0.090340581,2.74660904,4.8151849,49.8520394,7.0912568,9.366371,1.3308476,8.27143035,2.16881239,5.7348711,1.5076981,3.876756,1.2233012,3.3163986,1.4309204,1715,1714.238,6.6252959,152.2764,81.32039,14.972999,3.042614,139.34553,127.21226,9.003139,107.3731021,260.3487317,9.7463929,24.7227607,234.8957649,26.8885902,0,NA,2.69E+02
23955918,6,245826,1.71E+13,12.78208,2.09E-04,X,Nooksack R @ No Cedarville,river,Nooksack,01A120,48.8416,-122.2936,49.803,30.8,Cobble/Boulder,Yes,Routed,140,rural,WA-01-1020,bridge,core/prim/15,8.4,596,Puget Lowland,Whatcom, ,245826,4/17/2001,Medium,1523714,Nooksack River,3.171,1.71E+13,With Digitized,23960336,ArtificialPath,55800,0.03633757,TRUE,0,6.3234,1542.7278,100,99.13747,0.6417,225.6345,100,100,56.87845,58.7471,151.577834,868.17607,0,0,0,0,0.000671313,0,1.4003701,0.497626,2.713885,0.55468379,0,14.47481,0,0,0,0,0,50.69741,0,0,0,0,0,0,0,34.827783,0,0,0,43.274056,0,33.366211,6.028468,0,0,2.278169705,3.5381049,0,0,0,0,0,0,11.5149905,0,0,115.68608,0.836162,0.56724,1.743121,277.9607,2.1042516,1.4519341,4.307271,4.28408767,0,3.131227,2.3768859,0.42698548,0.1138628,2.362653,16.922858,31.1414745,18.5881013,5.6931398,0.66894392,12.35411329,0.32735554,0.82550527,0.78280672,0.399010741,2.31445059,2.1298029,0.61949345,0.112506789,0.038482971,4.3727011,2.9389456,58.48235,5.7610302,16.785577,3.1582515,1.402568944,0.08614537,1.2170975,0.18158784,8.1346424,0,4.2075736,4.7685835,1.6830295,0,12.4824684,25.6661992,0.1402525,2.244039,8.8359046,4.628331,11.64095372,0.84151473,7.9943899,6.7321178,1.46746176,0.122454678,2.4885822,0.63500927,0.11447717,0.03470214,2.88785625,4.4311043,60.6880597,7.7246166,10.782394,1.508147,1.56359067,0.07977503,4.7043338,0.76743583,1.345483,0.9150735,2.2547893,1.1798691,1715,1715.091,5.0861623,147.9758,89.07066,10.668393,2.017287,136.55571,137.1178,7.20929,17.1020721,42.3142234,2.5615564,5.4664093,28.6452604,5.4152814,0,NA,2.57E+02
23956558,18,246141,1.71E+13,93.35071,-3.32E-03,Y,Bertrand @ 0 Ave,river,Bertrand,01N100,49.0023,-122.5194,0,10, , , ,100,farming,WA-01-1110,other, ,0,0, , , ,246141,4/17/2001,Medium,1503327,Bertrand Creek,4.216,1.71E+13,With Digitized,0,StreamRiver,46006,0.04500806,TRUE,0,61.4529,61.4529,19.20593,19.20593,1.1187,1.1187,100,100,57.70901,57.70901,86.216171,86.21617,0,0,0,0,0,0,1.9831016,1.9831016,1.534996,1.53499598,0,0,0,0,0,0,0,47.851727,0,0,52.148273,0,0,0,0,0,0,0,0,0,0,0,0,0,0,47.85172704,0,0,52.148273,0,0,0,0,0,0,0,142.5978,1.0138441,0.6831793,2.128538,142.5978,1.0138441,0.6831793,2.128538,0,0,1.560479,3.3554334,1.0106727,0.2183053,0,7.8751617,1.2613195,4.7946313,1.1562096,0.20213454,64.4809185,7.38195343,5.29592497,1.4068564,0,0,1.5604787,3.35543338,1.010672704,0.218305304,0,7.8751617,1.26132,4.7946313,1.15621,0.2021345,64.4809185,7.38195343,5.295925,1.406856404,0,0,0.7240547,1.9308126,1.2872084,0.3218021,0,6.9991955,0.9654063,3.378922,2.6548673,0.4022526,71.03781175,6.91874497,2.0112631,1.3676589,0,0,0.7240547,1.93081255,1.28720837,0.321802092,0,6.9991955,0.9654063,3.378922,2.654867,0.4022526,71.03781175,6.91874497,2.0112631,1.36765889,1.6955643,1.6955643,1.6508809,1.6508809,1714.93,1714.93,6.9596459,151.7311,78.54876,17.209617,6.959646,151.73114,78.54876,17.209617,11.9508001,34.4066572,11.9508001,34.4066572,33.7293075,33.7293075,0,NA,
23962935,9,250952,1.71E+13,55.11629,1.70E-04,R,Skykomish R @ Monroe,river,Skykomish,07C070,47.8521,-121.9592,8.488,25.6,Cobble/Boulders,Yes,WWG D/S,43, ,WA-07-1160,bank,core/prim/15,13.9,834,Puget Lowland,Snohomish, ,250952,4/17/2001,Medium,1525899,Skykomish River,1.158,1.71E+13,With Digitized,23967127,ArtificialPath,55800,0.01343781,TRUE,0,0.7146,1986.8598,100,100,0.2772,293.1327,100,100,59.14358,56.44153,17.304798,904.60698,0,0,0,0,0.001006614,0,0.8803526,0.6745507,0.4837662,1.0342797,0,0,0,0,0,0,0,0,0,0,0,0,0,0,0,100,0,0,0,17.759109,0,68.730743,0,0,0,1.103540371,1.1783267,0,5.9675071,0,0,0,0,5.26077381,0,0,166.11668,1.2472992,0.8612718,2.550519,358.552,2.9300497,2.0809647,5.803883,19.14357683,0,2.518892,2.1410579,0,0,6.29722922,10.0755668,4.7858942,9.1939547,8.186398,1.13350126,22.92191436,0,13.60201511,0,1.502838801,0.31128517,1.7621223,1.1617025,0.182775856,0.018889103,3.259616,1.2766678,66.70363,6.136739,13.332944,2.7184908,0.652285581,0.01730369,0.8645955,0.098114623,9.4155844,0,0.6493506,1.6233766,0,0,14.2857143,11.3636364,12.012987,7.142857,8.7662338,2.9220779,9.09090909,0,22.7272727,0,1.9272159,0.053422904,2.6766717,1.89927633,0.23180628,0.012281127,2.37762624,2.3076238,64.6183793,8.3038842,10.494223,1.3939079,0.73778872,0.01872872,2.647504,0.29965951,3.5036728,0.851596,3.7889843,1.091268,2617,2605.571,2.9205,152.4,88.4682,13.4747,1.931913,133.10166,143.80391,9.313344,158.1638727,413.5537724,3.7176697,8.29485,473.9952162,11.0756475,0,NA,2.77E+02
23970261,1,252174,1.71E+13,21.09086,-8.47E-05,P,Snoqualmie R @ Snoqualmie,river,Snoqualmie,07D130,47.5269,-121.8121,66.909,42.3,Cobble,Yes,Routed,400,forest,WA-07-1100,bridge,core/prim/0,19.5,375,Puget Lowland,King, ,252174,4/17/2001,Medium,1526021,Snoqualmie River,0.848,1.71E+13,With Digitized,0,StreamRiver,46006,0.01031512,TRUE,0,0.4383,946.6137,100,100,0.1746,144.8478,100,100,60.41068,58.25424,135.019671,897.81135,0,0,0,0,0,0,7.2032854,1.0074444,7.3195876,1.35008885,0,0,0,0,0,0,0,0,0,0,0,0,0,0,0,100,0,0,0,18.831842,0,61.751409,0,0,0,6.403446305,0,0,0.4319291,0,0,0,0,12.58137295,0,0,217.61975,1.7333292,1.2231185,3.4589,412.3572,3.3915631,2.4165701,6.692257,6.36550308,0,14.373717,11.0882957,2.66940452,0.61601643,0.82135524,16.4271047,24.0246407,10.6776181,3.4907598,0,0,0,9.44558522,0,1.40740621,0.11266475,2.3199432,1.32858842,0.521775673,0.05828143,3.40371157,1.4256608,64.88881,6.8531546,12.841215,3.8771888,0.168379139,0,0.7395942,0.053622719,12.8865979,0,20.6185567,12.8865979,2.5773196,0,2.0618557,21.1340206,18.0412371,5.670103,3.0927835,0,0,0,1.0309278,0,2.23061724,0.041629904,3.2962185,1.80313405,0.68409738,0.037280511,1.53906376,2.3057996,61.5911322,11.1785612,10.252762,2.042972,0.16838364,0,2.675498,0.1528501,5.7251409,1.6310807,5.8451855,1.9532132,2107,2087.728,2.8659908,151.8603,89.10853,12.987672,1.842195,135.8287,153.44463,16.524507,15.9199797,37.073006,5.9340735,13.9531866,49.9354328,18.2750071,0,NA,2.43E+02
23977624,10,253881,1.71E+13,13.19333,-3.90E-05,B,Green R @ Tukwila,river,Green,09A080,47.4654,-122.2479,10.593,12.4,Cobble/Soft,Yes,Route/RP,4,industrial,WA-09-1020,bridge,spawn/prim/0,0,440,Puget Lowland,King, ,253881,4/17/2001,Medium,1520326,Green River,11.536,1.71E+13,With Digitized,0,StreamRiver,46006,0.12323012,TRUE,0,32.787,1115.7408,100,100,3.267,155.9142,100,100,62.95021,61.07121,52.111736,546.17199,0,0.06099979,0.6099979,0,0.005377593,0.045709541,45.0910239,7.8150877,38.3848485,4.34710629,0,0,0,0,0,0,0,64.652759,0,0,0,0,0,0,0,35.347241,0,0,0,1.862126,0,48.354295,0,5.3790719,0,12.69819119,0,0,22.6883341,0,0,0,0,9.0179816,0,0,103.86712,0.7784164,0.5386435,1.587831,234.7081,1.9371545,1.3837678,3.810764,1.60856437,0,9.621191,24.0378809,27.03541038,23.69475707,0.40625858,3.0057645,0.4446884,1.6634642,0.6560527,0.73016744,4.62530881,0.06038979,0.57919297,1.83090859,1.144056039,0,8.0647763,8.78300767,4.177825172,2.087662296,0.89198136,2.4189489,39.17644,9.8332516,14.194506,2.8891388,4.278735706,0.16302173,1.503575,0.393075166,0.7438017,0,11.1570248,28.6225895,21.1570248,21.2672176,0,2.3966942,0,1.322314,1.2672176,1.322314,3.69146006,0,2.2865014,4.7658402,2.018033,0,8.5685589,5.38565442,1.85813736,0.995739965,0.45313384,3.4461261,40.888835,12.1647675,12.612129,1.5406551,3.82595043,0.27014858,4.9232847,1.0488461,10.9156744,4.3067337,9.0066717,3.8701672,1204.944,1169.393,2.2563366,149.3789,105.83341,19.173679,2.192742,140.80598,134.5923,12.254148,344.9748671,828.1040774,81.835888,213.2624292,456.9657761,148.8390962,1,drink_flood,2.95E+02
23980375,21,254310,1.71E+13,68.30813,1.10E-04,J,Puyallup R @ Meridian,river,Puyallup,10A070,47.2026,-122.2937,9.287,8.3,Gravel,Yes,Routed,30,farming,WA-10-1020,bridge,core/prim/0,9.4,940,Puget Lowland,Pierce, ,254310,4/17/2001,Medium,1524711,Puyallup River,5.701,1.71E+13,With Digitized,120049098,ArtificialPath,55800,0.06977618,TRUE,0,8.1657,2439.4338,100,100,1.2789,353.5884,100,100,56.10184,61.45118,22.4836,920.98473,0.1224635,0,0.244927,0.001639725,0.000409931,0.005739037,41.6277968,2.8799328,35.2751583,2.33362435,0,0,0,0,0,0,0,6.877549,0,0,0,0,0,0,0,93.122451,0,0,0,3.830094,0,53.889493,7.420488,3.5820197,0,6.427749751,3.24909,0,10.2787991,0,0,0,0,10.83537909,0,0.4868876,107.66231,0.8409537,0.5915322,1.684008,220.9613,1.8604455,1.3394822,3.62534,2.22638598,0,8.189133,25.8018296,32.6132481,15.43039788,1.71938719,1.1462581,0.7164113,3.5489915,0.4849554,0.07715199,2.03901686,4.26540284,0.58415078,1.15727984,1.135517594,3.04277985,4.3402244,3.9140271,1.511465488,0.388491789,3.23709953,1.188866,50.51876,5.587936,15.716651,4.8050863,2.433921347,0.20690047,1.8515895,0.120679643,8.3743842,0,5.2779733,18.9303308,31.8789585,12.4560169,10.2744546,0.2814919,0,1.829697,2.4630542,0.140746,1.47783251,0,0,6.6150598,1.34800802,0.323257211,4.6185056,2.95742168,1.29251978,0.241552042,1.53788982,1.5951598,57.2809232,7.3117218,10.466152,2.4155204,1.74686161,0.10130423,6.4681986,0.29500402,8.4914785,1.8386599,8.3163608,1.7339241,1251.046,1204.207,2.8491076,152.0753,90.33483,14.087297,1.810287,145.78652,144.41207,12.180471,384.8831117,830.8941865,24.7541228,63.66066,874.7461694,48.1767388,0,NA,2.95E+02
23988192,3,256039,1.71E+13,17.18139,-1.18E-04,M,Deschutes R @ E St Bridge,river,Deschutes,13A060,47.0118,-122.9032,1.565,0.6,Gravel/Cobble,Yes,WWG,93,rural,WA-13-1010,bridge,spawn/prim/0,0,161,Puget Lowland,Thurston, ,256039,4/17/2001,Medium,1518684,Deschutes River,4.464,1.71E+13,With Digitized,0,StreamRiver,46006,0.04837724,TRUE,0,11.1996,408.5118,100,100,0.9729,52.803,100,100,62.63814,59.43542,51.740813,288.24759,0,0.0892889,0.0892889,0,0.00244791,0.004895819,29.6640148,4.1645752,16.786309,2.10063065,0,0,0,0,0,0,0,98.256188,0,0,0,0,0,0,0,1.743812,0,0,0,2.812061,0,31.642513,0,0,0,30.30698257,0,0,30.9646135,0,0,0,0,4.27383003,0,0,128.71289,0.9652226,0.6717138,1.956075,131.1459,1.0623585,0.7594001,2.087468,0.07232401,0,31.774349,27.4509804,19.65605914,7.93956927,0,3.1018965,1.5027322,1.7036323,0.7473481,1.64738026,0.77949212,0.20090003,2.23400836,1.18932819,0.776819666,0,10.0310199,5.27536781,2.238368635,0.441945618,1.78893241,2.4937101,35.55349,6.6853638,15.960494,9.438381,5.186141502,0.37981767,2.8627325,0.887416226,0,0,48.0111008,14.986124,5.4579093,5.7354302,0,6.6604995,0.6475486,1.387604,1.5726179,2.4051804,0.09250694,1.38760407,9.8982424,1.7576318,0.53178797,0,8.6654167,2.91972047,0.40054542,0.168740412,1.84932674,3.2895858,35.1303903,9.6625192,13.132777,8.1404466,4.06340549,0.21476052,10.2045338,1.62604397,6.8797358,3.1190602,8.8574464,2.8510909,1245.642,1261.126,2.3213223,149.884,154.20701,28.219847,2.162787,139.82965,157.04886,17.11746,218.1189691,472.2464167,52.0966043,120.1247319,359.1165364,70.4166385,0,NA,3.17E+02
23997064,16,258328,1.71E+13,79.30873,3.02E-04,Z,Elwha @ Port Angeles,river,Elwah,18B070,48.0654,-123.5777,12.214,8.1,Gravel/Sandy,Yes,Route,220,forest,WA-18-2010,bridge,core/extra/0,0,294,Coast Range,Clallam, ,258328,4/17/2001,Medium,1531449,Elwha River,0.459,1.71E+13,With Digitized,23999540,ArtificialPath,55800,0.00431799,TRUE,0,0.3231,757.0926,100,100,0.0837,94.3749,100,100,62,60.43306,112.695682,1088.60879,0,0,0,0,0,0,4.0584958,0.0222595,5.6666667,0.05611238,0,0,0,0,0,0,0,0,100,0,0,0,0,0,0,0,0,0,0,87.56452,0,10.048216,0,0,0,0,2.3872641,0,0,0,0,0,0,0,0,0,98.27128,0.4030775,0.192487,1.102873,184.1916,0.7609344,0.3660958,2.073177,3.34261838,0,5.292479,11.1420613,0,0,0,1.9498607,42.0612813,15.8774373,1.1142061,0,0,0,19.22005571,0,0.387891785,3.95131322,0.1748663,0.01057995,0,0,4.60964749,0.2617645,79.2948,0.5165154,8.639775,1.6341858,0.034711738,0,0.4807338,0.003209647,10.7526882,0,2.1505376,18.2795699,0,0,0,0,9.6774194,0,0,0,0,0,59.1397849,0,1.36943191,1.498173773,0.3604772,0.03814574,0,0,1.17202773,0.9183586,84.2238773,1.5716043,4.964668,0.4472588,0,0,3.4216725,0.01430465,2.6756119,0.1017152,2.8563165,0.1711716,1575,1599.362,0.7869903,145.8201,162.22641,10.939218,1.013943,118.26664,174.95605,7.005847,0.9928827,1.9480378,0.7056319,0.9948726,1.3825218,0.9896322,1,electric,3.23E+02
24255125,23,247256,1.71E+13,28.08939,-6.13E-04,W,Skagit R @ Marblemount,river,Skagit,04A100,48.5268,-121.429,112.102,78.2,Cobble,Yes,Routed,360,forest,WA-04-1090,bridge,core/extra/10,10.9,1260,Cascades,Skagit, ,247256,4/17/2001,Medium,1525850,Skagit River,1.143,1.71E+13,With Digitized,120049068,ArtificialPath,55800,0.01053189,TRUE,0,7.1685,3601.1394,100,70.77165,1.0557,343.3788,100,98.83758,62.44545,65.29303,604.581476,1349.15321,0,0,0,0,0,0,1.2238544,0.1503744,1.5490196,0.48037773,0,0,0,72.34149,0,0,0,0,27.65851,0,0,0,0,0,0,0,0,0,0,24.048002,0,69.575666,0,0,0,0,1.1220013,0,0,0,0,0,0,3.80371744,0,1.4506133,222.58469,1.8002834,1.271172,3.590697,208.7587,1.7382875,1.2375757,3.434129,1.30571249,0,4.645323,1.4814815,0.36409291,0,0.4519774,0.9039548,66.7168864,1.5442561,17.7275581,1.38104206,3.00062775,0,0.47708726,0,2.184952564,2.47514434,0.261328,0.25518081,0.0574095,0.004804734,9.91467359,0.5119868,62.37275,0.6229196,13.120915,7.8894784,0.033279845,0,0.2824901,0.012683083,0.7672634,0,5.7971014,2.6427962,0.170503,0,0.4262575,1.1935209,77.4083546,1.023018,6.9906223,0.511509,1.79028133,0,1.2787724,0,0.40732225,0.148237721,0.581548,0.86927236,0.20843443,0.014319923,3.8600148,0.7390671,73.0517612,1.2837546,13.623816,3.8181158,0.05118047,0,1.3243277,0.01882805,0.7253209,0.1499512,0.6304327,0.2423471,1813,1806.373,2.1409397,144.3026,133.88351,11.045232,1.983295,132.14851,150.41981,6.539185,0.4907421,0.6926575,0.3077282,0.2538768,0.6926575,0.2602859,1,electric,2.53E+02
24270288,5,249523,1.71E+13,67.00236,3.25E-04,F,Skagit R nr Mount Vernon,river,Skagit,03A060,48.4451,-122.3352,12.308,15.9,Soft Bottom,Yes,Continuous,14,suburban,WA-03-1010,bridge,core/prim/0,25.6,3093,Puget Lowland,Skagit, ,249523,4/17/2001,Medium,1525850,Skagit River,2.952,1.71E+13,With Digitized,120049068,ArtificialPath,55800,0.03916105,TRUE,0,1.8243,8035.1334,100,86.90061,0.5535,933.6384,100,99.57248,48,61.25681,8.747721,1128.33735,0,0,0,0,0,0.000719148,33.624075,0.4521374,27.9333333,0.62378974,0,0,0,0,0,0,0,0,0,0,0,0,0,0,0,100,0,0,0,16.881317,0,63.533981,3.289434,0,0,0.801902889,8.2434699,0,1.7610692,0,0,0,0,4.41669248,0,1.0721345,85.36815,0.5890241,0.3928257,1.24975,261.1695,2.1115062,1.490863,4.21158,27.97237296,0,2.516034,18.4509127,21.26295017,18.40157869,1.18401579,0,0,0,0,1.57868772,7.15342871,0.74000987,0.34533794,0.39467193,1.73893886,2.20281746,1.2158379,0.67935578,0.148404025,0.026981378,7.30428317,1.9775558,61.84619,2.880665,13.33174,4.822396,0.889612002,0.16290668,0.6487906,0.12352392,5.5284553,0,2.9268293,36.7479675,26.504065,1.7886179,3.902439,0,0,0,0,1.300813,16.74796748,2.11382114,1.1382114,1.300813,1.40966425,0.123433962,1.6918682,0.98873024,0.19584855,0.018878135,3.96440842,2.9622215,64.1103412,4.9390043,12.64806,2.6159287,1.12746033,0.23583148,2.5977282,0.37059232,7.0996205,0.4853123,6.3336808,0.5978281,2572,1998.563,2.4191177,152.0556,77.48352,11.524833,1.953534,133.50413,145.28855,7.523425,109.0809135,239.5062185,2.4586425,5.5127176,226.7453848,5.599958,0.5,electric,2.60E+02
24274377,11,250175,1.71E+13,39.06668,-2.89E-04,G,Stillaguamish R nr Silvana,river,Stillguamish,05A070,48.1969,-122.2101,22.06,11.1,Sandy/Mud,Yes,WWG,35,farming,WA-05-1010,bridge,spawn/prim/7,17.8,557,Puget Lowland,Snohomish, ,250175,4/17/2001,Medium,1508743,Stillaguamish River,1.32,1.71E+13,With Digitized,24277213,ArtificialPath,55800,0.01705928,TRUE,0,1.2636,1456.6815,100,100,0.2979,201.9537,100,100,47,52.03106,22.791204,604.10884,0,0,0,0,0,0.000686492,4.7393162,0.8708431,7.1782477,0.92885696,0,0,0,0,0,0,0,0,0,0,54.059829,0,0,0,0,45.940171,0,0,0,45.935367,0,24.22246,0,0,0,2.352250646,1.2951218,0,14.7967143,0,0,0,0,11.39808531,0,0,114.56962,0.8055026,0.5417585,1.694159,287.2147,2.2000153,1.5273913,4.472199,8.47578348,0,3.276353,4.7008547,3.84615385,0.4985755,0.71225071,12.962963,0.3561254,8.2621083,3.2763533,0,46.01139601,4.62962963,1.85185185,1.13960114,0.883329678,0.13030302,3.360261,1.21369016,0.197215383,0.034413837,1.91345878,3.2631979,62.39612,8.7265336,11.691561,2.1707903,2.597225269,0.1633576,1.1491874,0.109358154,9.3655589,0,0,7.8549849,3.6253776,2.1148036,3.021148,21.4501511,0,7.55287,4.5317221,0,17.22054381,12.08459215,6.3444109,4.8338369,2.30221085,0.006239054,3.4020669,1.50004679,0.13324836,0.013815048,1.13729038,5.6040073,55.8876614,14.7067868,7.272509,0.9037715,2.857041,0.24510569,3.7701711,0.25802944,3.3964817,1.0555342,2.7950336,1.290935,2572,2563.853,2.9139552,152.3352,88.54508,13.416223,2.017687,139.75965,126.89323,7.449251,41.1797984,112.3196377,7.1023204,16.3610835,100.6942656,19.5917285,0,NA,2.61E+02
24274409,7,250191,1.71E+13,29.40384,-9.64E-05,T,SF Stillaguamish R @ Arlington,river,SF Stillguamish,05A090,48.2007,-122.119,0.699,18.2,Bedrock/Cobble,Yes,WWG,55,farming,WA-05-1040,bridge,core/prim/15,15.9,255,Puget Lowland,Snohomish, ,250191,4/17/2001,Medium,1526260,South Fork Stillaguamish River,2.487,1.71E+13,With Digitized,0,StreamRiver,46006,0.02829156,TRUE,0,3.3984,656.9748,100,100,0.5301,89.541,100,100,47,51.99394,48.508559,625.16678,0,0,0,0,0,0.001522128,10.4258475,0.880579,11.4465195,1.06081013,0,0,0,0,0,0,0,0,0,0,42.134534,0,0,0,0,57.865466,0,0,0,67.977813,0,8.357307,0,0,0,2.413106256,0,0,16.4103555,0,0,0,0,4.84141857,0,0,126.31392,0.9072106,0.615238,1.891608,301.2866,2.3207085,1.6148852,4.705419,3.97245763,0,11.493644,13.4004237,6.64724576,0.50317797,2.35699153,2.5158898,11.2288136,7.9449153,6.25,0.47669492,24.23199153,6.3029661,2.22457627,0.45021186,0.893595919,0.05041289,3.6391807,1.20388179,0.215487717,0.021507674,2.00021371,2.2621416,63.13105,9.4526913,12.418011,2.2899508,1.185798907,0.08137298,1.0912747,0.06342709,6.1120543,0,10.5263158,13.4125637,6.7911715,0.5093379,11.0356537,7.4702886,4.4142615,4.584041,0.5093379,0,21.05263158,7.97962649,4.0747029,1.5280136,3.49683385,0.014071766,3.9149663,1.67554528,0.16383556,0.017087144,0.67946527,3.8677254,58.5063826,15.1412202,6.885114,1.2383154,0.8573726,0.11458438,3.2897779,0.13770228,3.8642425,1.1408376,4.6712589,1.3564518,2572,2557.156,2.2015583,152.4,98.09907,19.24766,1.930386,137.64603,129.4855,6.90818,133.4923393,293.4736495,8.4626628,19.6851386,395.9029305,23.3864756,0,NA,2.80E+02
24274451,22,250212,1.71E+13,39.79565,-2.67E-05,S,SF Stillaguamish R nr Granite Falls,river,SF Stillguamish,05A110,48.1028,-121.9532,27.526,34.6,Bedrock/Gorge,Yes,Routed,290, ,WA-05-1050,bridge,core/extra/0,36.8,119,Puget Lowland,Snohomish, ,250212,4/17/2001,Medium,1526260,South Fork Stillaguamish River,0.903,1.71E+13,With Digitized,24277339,ArtificialPath,55800,0.01063306,TRUE,0,0.7056,308.088,100,100,0.2025,42.5133,100,100,49.92985,54.86783,108.684452,768.74422,0,0,0,0,0,0,4.4859694,0.4754294,1.4888889,0.7403095,0,0,0,0,0,0,0,0,0,0,100,0,0,0,0,0,0,0,0,64.151087,0,17.819876,0,0,0,0,0,0,14.1540079,0,0,0,0,3.87502921,0,0,172.69602,1.280636,0.879319,2.634981,350.8158,2.7525357,1.9277151,5.540853,7.78061224,0,7.780612,7.6530612,1.65816327,0,0,4.7193878,20.0255102,43.494898,6.25,0.6377551,0,0,0,0,1.216405702,0.0996144,2.3656228,0.3902781,0.144893667,0.009055854,2.42171068,0.9461907,72.95016,7.2668848,9.704662,1.8979318,0,0,0.5626315,0.023954195,27.1111111,0,3.5555556,3.5555556,0,0,0,0.8888889,26.2222222,38.666667,0,0,0,0,0,0,5.28611046,0.029637784,3.0294049,0.98863179,0.137604,0.012701907,0.47843851,1.2447869,70.2669518,12.3166162,4.462603,0.4636196,0,0,1.2236171,0.05927557,1.8766679,0.8640566,1.6111301,1.0455172,2572,2545.027,1.8995,142.2908,100.46208,4.35229,1.895234,134.4854,137.07229,6.753371,136.5189888,336.6223606,3.5919469,7.1632172,379.6028207,9.3904569,0,NA,2.76E+02
24274659,13,250313,1.71E+13,6.74148,-9.89E-06,U,NF Stillaguamish R @ Cicero,river,NF Stillguamish,05B070,48.2673,-122.0131,15.937,9.5,Cobble,Yes,Routed,110,forest,WA-05-1020,bridge,core/prim/14,31.2,262,Puget Lowland,Snohomish, ,250313,4/17/2001,Medium,1523850,North Fork Stillaguamish River,0.974,1.71E+13,With Digitized,24277139,ArtificialPath,55800,0.01227652,TRUE,0,0.792,667.3653,100,100,0.2088,83.6082,100,100,46.3625,53.09346,175.609739,665.50152,0,0,0,0,0,0,1.3477273,0.5382709,3.1206897,0.59323129,0,27.5,0,0,0,0,0,0,0,0,0,0,0,0,0,72.5,0,0,0,27.233091,0,44.64402,0,0,0,0.006742934,2.8269075,0,8.9854986,0,0,0,0,16.3037395,0,0,183.99439,1.3516679,0.9243267,2.793453,299.7251,2.2964289,1.5939261,4.669595,6.81818182,0,6.25,2.0454545,0,0,4.09090909,8.4090909,41.25,25.2272727,1.1363636,1.47727273,0,0,3.29545455,0,0.736732941,0.23478895,2.530623,0.74415017,0.06311386,0.007956662,1.91957838,3.3899425,67.85657,7.0107631,10.906965,1.8259865,2.035691697,0.087793,0.6277671,0.021577388,14.2241379,0,13.7931034,4.7413793,0,0,14.2241379,18.9655172,9.4827586,9.913793,3.0172414,0,0,0,11.637931,0,1.08290814,0,2.3132898,0.97095739,0.06566342,0.007535146,1.23253461,5.6341364,63.1057719,13.199423,7.322009,0.3778338,1.97420827,0.04305798,2.6190015,0.05166957,2.7292426,0.7835593,3.4873281,1.0163568,2572,2568.83,1.7997057,141.1192,103.70862,5.300777,2.07637,140.50912,127.94064,7.150406,7.5364953,15.5931475,2.6078191,4.7689962,15.5931475,5.1979529,0,NA,2.72E+02
24274743,19,250355,1.71E+13,75.68119,1.81E-05,V,NF Stillaguamish R nr Darrington,river,NF Stillguamish,05B110,48.28,-121.7024,48.767,30,Grvl/Sand/Bdrck,Yes,RP,435,rural,WA-05-1020,bridge,char/prim/14,31.2,82,Cascades,Snohomish, ,250355,4/17/2001,Medium,1523850,North Fork Stillaguamish River,2.193,1.71E+13,With Digitized,0,StreamRiver,46006,0.02432662,TRUE,0,3.8412,222.4539,100,100,0.4698,23.8266,100,100,54.51992,57.41559,256.065736,714.24906,0,0,0,0,0,0,2.3561387,0.6098086,5.2164751,0.54053033,0,0,0,34.30178,0,0,0,0,0,0,10.192127,0,0,0,0,55.506092,0,0,0,5.079884,0,78.315822,0,0,0,0,0,0,8.5527833,0,0,0,0,8.0515109,0,0,247.10357,1.9151595,1.3346682,3.876834,307.7059,2.4012144,1.6771375,4.848627,0,0,9.934396,3.678538,0.23430178,0,0,11.2464855,34.3017807,7.9428304,9.9578257,0.7497657,20.75913777,0,0.89034677,0.30459231,0.002427469,0.30181534,2.9473522,0.78690461,0.08577058,0,1.76841134,2.8377115,70.87806,5.2048986,11.796287,1.9965935,1.097620676,0,0.2775406,0.018610598,0,0,18.7739464,9.5785441,0,0,0,14.9425287,24.7126437,11.685824,5.9386973,1.532567,9.77011494,0,3.0651341,0,0,0,2.9311778,0.67613508,0.01510916,0,0.19641913,6.7689053,66.0837048,12.9409987,8.219385,0.2228602,1.06897333,0,0.8763315,0,2.4639918,0.8011753,4.1545566,1.0815099,2572,2562.49,2.4938025,147.4679,99.78929,9.354761,2.14163,138.15056,134.13178,6.401135,2.2770878,4.2143038,1.9381691,3.3948613,4.3003535,3.6577971,0,NA,2.54E+02
24279014,2,252979,1.71E+13,65.24673,1.69E-05,H,Snohomish R @ Snohomish,river,Snohomish,07A090,47.9106,-122.0988,18.795,12.7,Soft Bottom,Yes,Routed,8,urban,WA-07-1020,bridge,spawn/prim/0,5.3,1714,Puget Lowland,Snohomish, ,252979,4/17/2001,Medium,1508473,Snohomish River,3.195,1.71E+13,With Digitized,120049083,ArtificialPath,55800,0.03812484,TRUE,0,21.7377,4449.8547,100,100,0.702,664.0002,100,100,62.21832,57.2441,53.871356,688.39788,0,0,0,0,0.000449453,0.002247264,15.3804082,1.7299149,19.0589744,1.74607944,0,0,0,0,0,0,0,61.470625,0,0,0,0,0,0,0,38.529375,0,0,0,14.167899,0,50.106396,0,0,0,19.7819785,0.9493186,0,4.6824787,0,0,0,0,10.31192996,0,0,123.83407,0.901132,0.615028,1.866096,323.0649,2.6118707,1.8494942,5.191394,2.68703681,0,20.295615,18.8465201,11.39817,2.07841676,0.16975117,5.4527388,1.2089595,5.7177162,1.6478284,2.41377883,16.94199478,9.87454975,0.8114934,0.45542997,1.483167529,0.16295588,4.1210222,2.78519656,0.665172281,0.099225712,2.51241687,2.8104783,53.83092,11.3321992,12.697635,3.0538705,2.101133774,0.28582506,1.7292295,0.329552333,9.7435897,0,16.1538462,19.6153846,16.2820513,3.974359,2.8205128,1.6666667,0,0,3.3333333,4.2307692,7.94871795,5.64102564,4.1025641,4.4871795,1.9059934,0.032665653,4.8620317,2.88487865,0.54067755,0.055301188,1.71027057,3.614773,50.7120028,12.9698907,9.495675,1.6856019,3.1559629,0.29399088,5.155887,0.92439731,4.9645895,1.7711164,7.0452273,1.942755,1213.415,2255.718,2.3441017,149.1233,101.77722,16.277828,1.922549,137.17256,134.97945,10.877659,159.9799577,387.7075641,15.4659116,40.517143,353.2797602,37.9818777,0,NA,2.77E+02
24281964,0,255511,1.71E+13,83.43933,-6.84E-05,K,Nisqually R @ Nisqually,river,Nisqually,11A070,47.062,-122.6964,3.873,3.4,Sandy,Yes,Staff,20,rural,WA-11-1010,bridge,core/prim/15,0,712,Puget Lowland,Thurston, ,255511,4/17/2001,Medium,1533598,Nisqually River,2.479,1.71E+13,With Digitized,0,StreamRiver,46006,0.02707207,TRUE,0,10.2087,1852.5816,100,100,0.5652,220.0374,100,100,64.92577,60.3324,84.279307,556.3786,0,0,0,0,0,0.002698936,2.1863704,1.6682447,6.4984076,1.10324518,0,0,0,0,0,0,0,97.029005,0,0,2.970995,0,0,0,0,0,0,0,0,3.400368,0,31.059684,3.171407,0,0,21.28662511,0,0,27.2715922,0,0,0,0,13.81032285,0,0,102.56113,0.7807845,0.5455717,1.575187,167.9995,1.4207154,1.027241,2.753797,0.64356872,0,4.92815,3.0767874,0.89923301,0.28211232,0.39672044,3.8173323,61.5269329,3.1032355,3.9848365,10.15604337,0.4496165,0.42316847,4.83117341,1.48108966,1.250908462,1.12897051,5.8026918,2.66849784,0.40404698,0.089243033,1.6365433,2.0084783,44.87331,8.6357815,14.664714,7.0163873,5.306972713,0.21934256,3.4114935,0.882616992,7.8025478,0,14.9681529,10.0318471,1.7515924,1.2738854,7.0063694,14.3312102,0.955414,3.66242,1.1146497,0.3184713,0,0,23.8853503,12.8980892,1.69048534,0.50268727,5.1712572,1.51706028,0.19346711,0.073214826,1.99152508,2.622236,43.2118813,9.1044068,11.04644,3.5940708,5.37535892,0.420883,11.2636306,2.22139509,1.3837612,1.9375183,4.041523,1.8832953,1080.798,1083.822,2.2842542,151.2527,156.14042,24.123215,1.951745,143.79217,130.73135,14.815887,7.5896633,23.4947618,13.401558,34.2694984,76.2707661,24.45395,1,electric,3.04E+02
24285494,8,256148,1.71E+13,32.73744,1.95E-04,L,Skokomish R nr Potlatch,river,Skokomish,16A070,47.3098,-123.1771,6.874,5.3,Gravel,Yes,Routed,60,rural,WA-16-1010,bridge,core/extra/15,0,227,Puget Lowland,Mason, ,256148,4/17/2001,Medium,1525867,Skokomish River,6.015,1.71E+13,With Digitized,0,StreamRiver,46006,0.06978621,TRUE,0,12.9258,591.7482,100,100,1.3239,86.427,100,100,52.41686,52.25562,76.357386,608.77088,0,0,0,0,0,0,0.7629857,0.5001779,0.8212101,0.45111944,0,0,0,0,0,0,0,100,0,0,0,0,0,0,0,0,0,0,0,21.045387,0,61.489769,0,0,0,13.43669486,0,0,0,0,0,0,0,0,0,4.0281491,167.86843,1.0092679,0.636342,2.260081,216.1504,1.1276535,0.6545394,2.708558,1.23241888,0,3.119343,0.9121292,0.18103328,0,0.34117811,5.3056677,25.51873,2.9661607,29.5014622,10.59740983,9.75490879,0.51524857,5.9323214,4.12198858,2.927613468,0.63239736,2.9093625,0.54829064,0.030266252,0.001216734,2.32213634,0.7642609,69.65861,1.3137683,12.966427,4.2281497,0.575971334,0.01125479,0.890497,0.219772532,9.4493542,0,4.5547247,0.6118287,0,0,2.7192386,11.2848402,2.8552005,1.019714,11.828688,10.8089735,1.29163834,0,28.9598912,14.6159075,1.98583776,0.234301781,3.1375612,0.31969176,0.02811621,0,3.0875768,2.3992502,72.7501822,2.8616057,6.749974,1.7390399,0.47276893,0,3.6249089,0.60918463,1.5076208,1.2355308,1.6864999,1.3992566,1873,1900.03,2.2622353,149.2374,65.58661,16.079843,2.314121,112.61048,143.03661,7.282204,6.250549,10.9468863,2.0017105,2.2962613,17.3164229,2.6687082,0.5,electric,1.39E+02
24287056,4,256502,1.71E+13,43.74811,-9.18E-04,I,Duckabush R nr Brinnon,river,Duckabush,16C090,47.684,-123.0116,7.761,4.5,Cobble,Yes,GH,300,forest,WA-16-3010,bridge,core/extra/15,0,66,Coast Range,Jefferson, ,256502,4/17/2001,Medium,1531444,Duckabush River,6.711,1.71E+13,With Digitized,0,StreamRiver,46006,0.081063,TRUE,0,21.5496,178.6257,100,100,1.4544,20.4012,100,100,55.21901,54.32701,511.300946,1047.46002,0,0,0,0,0,0,0.2550117,0.0866012,0.4238861,0.05889359,0,0,0,100,0,0,0,0,0,0,0,0,0,0,0,0,0,0,0,59.952235,0,40.047765,0,0,0,0,0,0,0,0,0,0,0,0,0,0,143.94813,0.782217,0.4648784,1.843713,178.5201,0.8980634,0.5080466,2.200129,0,0,2.263615,0.1252923,0,0,0.61393251,0.6139325,86.5686602,1.4116271,6.6739058,1.64550618,0,0,0.08352823,0,0.134527115,4.35172542,0.4464083,0.12445018,0.004534622,0,4.57140266,0.1884387,74.73006,0.2504119,11.519451,3.3581394,0,0,0.3204466,0,0,0,3.960396,0.3094059,0,0,9.0346535,6.3737624,71.5346535,3.960396,4.3935644,0,0,0,0.4331683,0,0.06176107,3.088053644,0.4852656,0.03970355,0,0,2.33809776,0.6131992,82.4422093,0.5161461,7.41574,0.6970178,0,0,2.3028057,0,0.8374211,0.1745123,1.632871,0.1834587,1976,1993.758,1.8866918,111.7205,160.29151,4.615477,1.98493,95.73436,172.80436,4.702674,1.1597426,1.0474554,1.1597831,1.0473887,1.0474554,1.0474554,0,NA,8.74E+01
24534294,12,244938,1.71E+13,82.89557,-1.16E-04,E,Samish R nr Burlington,river,Samish,03B050,48.5458,-122.3382,13.815,10.4,Cobble/Sandy,Yes,Staff,38,farming,WA-03-2010,bridge,core/prim/0,31.1,88,Puget Lowland,Skagit, ,244938,5/2/2001,Medium,1525401,Samish River,3.429,1.71E+13,With Digitized,0,StreamRiver,46006,0.03699936,TRUE,0,6.8301,225.261,100,100,0.7272,35.685,100,100,52.30109,52.75444,51.141455,267.95801,0,0,0,0,0,0,8.381605,1.9250909,8.075495,2.44539723,0,0,0,0,0,0,0,75.280011,0,0,0,0,0,0,0,24.719989,0,0,0,45.901554,0,12.412402,0,0,0,33.53909465,0,0,0,0,0,0,0,8.14694954,0,0,102.02594,0.7086593,0.4737255,1.500004,167.6346,1.1876355,0.7999997,2.494121,0,0,7.761233,11.2267756,4.84912373,1.51535117,0.3557781,16.2471999,5.7319805,12.5444723,7.2341547,7.20780076,9.06575306,11.63526156,2.74080907,1.88430623,1.581765152,0,4.9826202,3.48635583,0.466259139,0.056734188,0.41791522,11.2109952,30.90375,19.1134284,15.084502,3.8035878,3.718886092,0.47185265,3.5682608,1.133085621,0,0,9.4059406,9.2821782,5.0742574,0.990099,0,5.8168317,0.990099,6.930693,4.3316832,0.7425743,16.46039604,28.21782178,7.6732673,4.0841584,0.02522068,0,5.92686,4.85750315,0.39596469,0.027742749,0.29760404,9.9394704,26.1513241,21.6343001,11.919294,2.5372005,3.75535939,0.87263556,8.6733922,2.98612863,3.2774204,1.7027054,3.263069,1.816883,1536,1546.017,2.9205,152.4,88.4682,13.4747,2.392182,143.16527,118.42003,11.999086,16.5262554,41.3472137,12.3110977,28.6027733,41.1025038,29.1729276,0,NA,2.52E+02
24537890,20,253440,1.71E+13,26.9165,-1.84E-04,A,Cedar R @ Logan St/Renton,river,Cedar,08C070,47.4857,-122.209,20.72,1,Gravel,Yes,Routed,15,urban,WA-08-1143,bridge,core/prim/6,19.5,186,Puget Lowland,King, ,253440,4/17/2001,Medium,1517577,Cedar River,6.414,1.71E+13,With Digitized,0,StreamRiver,46006,0.07213928,TRUE,0,18.7461,457.1307,100,100,1.4067,70.6257,100,100,65.4042,61.33465,80.274091,611.31691,0,0.05334443,0.1600333,0,0.004375116,0.006562675,42.1166643,4.9176942,35.0831734,2.86569903,0,0,0,0,0,0,0,52.767776,0,0,16.649863,0,0,0,0,29.780594,0,0.8017668,0,0,0,55.930525,0,0,0,20.04634561,0,0,21.1004424,0,0,0,0,2.8898081,0,0.032879,111.91128,0.8445939,0.5856493,1.718916,295.2458,2.4139952,1.7186119,4.767704,0,0,11.757646,28.8684046,34.44236401,13.03951222,0.02880599,4.3641077,1.4547026,5.7131883,0,0.14402996,0,0,0.05761198,0.12962696,1.93710464,0,7.7698785,6.45747485,2.739785361,0.645767173,0.34060281,1.7943665,54.7711,11.0180086,9.182494,1.2179011,0.625488509,0,1.3905651,0.109465411,0,0,7.3576456,23.0326296,21.2412028,16.8266155,0,15.9309021,3.4548944,9.149072,0,0.5118362,0,0,0.7677543,1.7274472,1.55085189,0,7.8816918,4.01794248,1.11758184,0.369553859,0.16566207,2.5766824,56.0868069,13.7932792,6.538555,0.3644566,0.27525391,0,4.8653677,0.39631466,12.8114437,3.6997022,11.943265,3.4123796,1230.451,1238.764,1.735351,147.0091,119.45509,23.644094,1.850284,142.97694,135.14425,14.230434,708.8845196,1639.088477,65.7358991,163.5473154,770.4728598,81.6006471,1,electric,2.90E+02
24537922,15,253456,1.71E+13,24.98414,2.73E-04,O,Cedar R nr Landsburg,river,Cedar,08C110,47.3913,-121.9205,60.587,25.1,Boulder/Cobble,Yes,Routed,616,forest,WA-08-1150,bank,core/extra/6,16.1,122,Puget Lowland,King, ,253456,4/17/2001,Medium,1517577,Cedar River,9.023,1.71E+13,With Digitized,0,StreamRiver,46006,0.10866688,TRUE,0,19.278,310.2732,100,100,3.1419,49.3542,100,100,65.15271,58.95646,314.347494,808.28425,0,0,0,0,0,0,1.0273576,0.8587229,0.6101404,0.65095372,0,0,0,16.50794,0,0,0,1.293184,0,0,82.19888,0,0,0,0,0,0,0,0,0,0,79.753907,0,0,0,1.464548018,0,0,18.7644308,0,0,0,0,0.01711395,0,0,241.60388,1.9429677,1.3765711,3.859136,355.742,2.9361762,2.0963722,5.779544,1.72735761,0,5.947712,1.3305322,0.05135387,0,0,0.270775,64.9533147,10.0887021,13.6881419,0.52287582,0.04201681,0,1.30252101,0.07469655,2.485293606,0,4.5993015,0.93488577,0.180421641,0.00377087,0.09195122,0.415956,71.76749,4.5827677,12.283465,1.5269124,0.002610603,0,1.0178449,0.107324771,10.5986823,0,4.4113435,0.5156116,0,0,0,0.3723861,54.0246348,12.460613,9.7679748,0.1718705,0,0,7.4190776,0.2578058,1.83631788,0,4.7065903,0.47594734,0.04741238,0,0.22794413,0.8917174,70.1976731,8.2461067,8.678289,0.4358292,0,0,3.8148729,0.44129983,3.536171,2.6256652,3.6714641,2.605579,1236,1239.893,1.5819557,149.9795,143.15655,20.090647,1.979046,141.12386,139.23783,10.356871,8.9176794,23.1124669,1.6134536,3.7701366,22.6522466,4.3389654,1,electric,2.71E+02
24538042,24,253503,1.71E+13,72.12212,-7.03E-05,AA,Sammamish R @ Bothell,river,Lake Washington,08B070,47.7587,-122.2038,0,20.4,Cravel/Sandy,Yes,Routed,15,urban,WA-08-1070,bridge,core/extra/0,0,212,Puget Lowland,King,Oct 14 only,253503,4/17/2001,Medium,1508072,Sammamish River,5.907,1.71E+13,With Digitized,0,StreamRiver,46006,0.06885429,TRUE,0,12.5307,559.8369,100,100,1.3095,64.5228,100,100,66.23436,64.16292,59.672561,147.19976,0,0,0.079804,0.001786235,0,0.098242899,26.5886662,17.0978633,24.0061856,14.63740724,0,0,0,0,0,0,0,62.953386,0,0,1.30719,0,0,0,0,35.739424,0,0,0,0,0,9.627018,0,0,0,61.04115324,0,0,5.0027249,0,0,0,0,20.6491212,0,3.6799825,103.96755,0.7500029,0.5105895,1.557272,144.3958,1.0896576,0.7547055,2.220611,0.04309416,0,15.068592,36.0410831,17.79788839,4.49615744,0,7.9436903,6.8447892,10.2061337,0.2011061,0.06464124,0,0,0.89061266,0.40221217,3.82097,0,16.4376625,22.97099387,10.23887493,2.812997857,0.3083398,5.0864814,13.24125,18.4434788,1.498776,0.7790483,1.375311274,0.16317252,2.1992119,0.623431574,0,0,25.6357388,35.1890034,13.4020619,3.024055,0,5.2920962,2.6804124,3.436426,0.6185567,0,0,0,7.1477663,3.5738832,0.7002176,0,19.4707917,17.93645037,8.40679574,2.696256207,0.02650226,5.986721,11.2718295,19.3061987,2.061597,0.8229649,2.2959326,0.34313452,6.5683758,2.10623222,10.2232606,6.6186839,11.4523219,6.5765242,1236,1264.362,1.7969221,147.2892,117.84525,23.115772,1.690847,143.23559,124.14532,20.588239,551.6216478,1223.686564,276.2709414,688.7362387,1120.912778,529.7445649,0,NA,3.39E+02
947110168,25,252948,1.71E+13,90.45158,1.25E-04,Q,Snoqualmie R @ Monroe,river,Snoqualmie,07D050,47.8037,-122.0028,4.709,2.7,Soft Bottom,Yes,WWG/RP,15,farming,WA-07-1060,bridge,spawn/prim/0,24.9,688,Puget Lowland,Snohomish, ,252948,4/17/2001,Medium,1526021,Snoqualmie River,1.83,1.71E+13,With Digitized,23973991,ArtificialPath,55800,0.0216723,TRUE,0,2.4525,1779.7266,100,100,0.3654,271.3743,100,100,66.27229,58.57989,85.926826,638.05593,0,0,0,0,0,0.002247536,2.1662385,1.5989667,2.1428571,1.61156712,0,0,0,0,0,0,0,27.669725,0,0,47.302752,0,0,0,0,25.027523,0,0,0,11.233776,0,47.56103,0,0,0,28.95931881,0,0,0.4982619,0,0,0,0,11.74761337,0,0,156.13373,1.1680623,0.8057021,2.391244,336.2812,2.7253705,1.9327406,5.407488,3.1559633,0,13.981651,1.9082569,0.33027523,0,0,19.9633028,1.5045872,26.7155963,6.8256881,18.86238532,6.12844037,0,0.51376147,0.11009174,1.356781429,0.05992493,3.8572441,2.55740404,0.670906419,0.066852965,2.40685845,2.6295162,51.02545,13.5867779,13.517447,3.6247253,2.183998374,0.20854889,1.8879641,0.359600177,12.5615764,0,10.3448276,0.4926108,2.2167488,0,0,20.9359606,8.3743842,15.024631,0.4926108,0.7389163,25.12315271,0,3.4482759,0.2463054,2.17824606,0.022220232,4.6572944,2.40907116,0.62879941,0.053063241,1.22277607,3.1270831,47.4275935,15.7425372,9.710573,1.982907,3.88091282,0.34258955,5.6505719,0.96376112,2.6531998,2.4729889,2.7022352,2.6321755,2119.914,2097.941,2.1228589,148.7718,109.32331,20.319009,1.889668,139.38102,136.77924,13.769314,32.5420957,89.9179958,14.5096325,37.7614756,62.8498254,33.1193133,0,NA,
947110180,14,253906,1.71E+13,96.64852,1.54E-04,N,Green R @ Kanaskat,river,Green,09A190,47.3193,-121.8935,83.819,57.6,Bedrock,Yes,Routed,775,rural,WA-09-1030,bridge,core/extra/15,22.2,230,Puget Lowland,King, ,253906,4/17/2001,Medium,1520326,Green River,23.462,1.71E+13,With Digitized,0,StreamRiver,46006,0.29403326,TRUE,0,39.6225,659.0727,100,100,5.2407,107.2116,100,100,62.51741,59.4119,208.750987,822.21092,0,0,0,0,0,0,1.4891766,0.7233741,0.5988322,0.75582586,0,15.91596,0,0,0,3.13004,0,0,0,0,71.09824,0,0,0,0,9.855764,0,0,0,1.32254,0,81.139501,0,0.1881735,0,0,0,0,13.8175045,0,0,0,0,3.53228104,0,0,169.17879,1.3588165,0.9630575,2.697653,301.7325,2.5276214,1.813413,4.946836,2.77796706,0,3.797842,3.6320273,0.09540034,0.01817149,1.50596252,4.9403748,25.6059057,35.9568427,15.6570131,2.95059625,1.90573538,0.18398637,0.87450312,0.09767178,0.783418885,0,3.5209469,0.96913436,0.074149635,0.004506331,0.90099317,1.3402922,60.81171,6.8739306,20.704408,3.2131508,0.146797159,0.01351899,0.6116321,0.031407764,20.4018547,0,2.9538039,0.4636785,0.1202129,0,0,6.6288855,28.748068,28.645028,4.6367852,3.3144427,1.9062339,0.06869311,2.0092736,0.1030397,2.17252611,0,4.4734898,0.91837077,0.03022061,0,0.53053961,2.3647628,57.111917,11.3025083,16.602868,1.6915147,0.12424029,0.01343138,2.565394,0.09821698,3.6096123,2.9828099,3.0740566,3.0665321,1167,1164.957,1.8656237,151.7967,128.45379,19.961045,2.295597,135.46116,152.39925,7.682616,20.0909754,50.2136547,2.1641414,5.2252952,51.9357166,4.9719784,1,drink_flood,2.84E+02
